"CodeObj","Vaddr","Instruction","Hitcount","Latency","Stall","Idle","Source"
4,6400,"; fused_recurrent_kda_packed_decode_kernel",0,0,0,0,""
4,6400,"s_load_dwordx2 s[2:3], s[0:1], 0x0",0,0,0,0,"/sgl-workspace/sglang/python/sglang/kernels/ops/attention/fla/fused_recurrent.py:440"
4,6408,"s_load_dwordx8 s[4:11], s[0:1], 0x8",0,0,0,0,"/sgl-workspace/sglang/python/sglang/kernels/ops/attention/fla/fused_recurrent.py:440"
4,6416,"s_load_dwordx4 s[12:15], s[0:1], 0x28",0,0,0,0,"/sgl-workspace/sglang/python/sglang/kernels/ops/attention/fla/fused_recurrent.py:440"
4,6424,"s_waitcnt lgkmcnt(0)",0,0,0,0,"/sgl-workspace/sglang/python/sglang/kernels/ops/attention/fla/fused_recurrent.py:440"
4,6428,"s_branch 56",0,0,0,0,"/sgl-workspace/sglang/python/sglang/kernels/ops/attention/fla/fused_recurrent.py:440"
4,6432,"s_nop 0",0,0,0,0,"/sgl-workspace/sglang/python/sglang/kernels/ops/attention/fla/fused_recurrent.py:440"
4,6436,"s_nop 0",0,0,0,0,"/sgl-workspace/sglang/python/sglang/kernels/ops/attention/fla/fused_recurrent.py:440"
4,6440,"s_nop 0",0,0,0,0,"/sgl-workspace/sglang/python/sglang/kernels/ops/attention/fla/fused_recurrent.py:440"
4,6444,"s_nop 0",0,0,0,0,"/sgl-workspace/sglang/python/sglang/kernels/ops/attention/fla/fused_recurrent.py:440"
4,6448,"s_nop 0",0,0,0,0,"/sgl-workspace/sglang/python/sglang/kernels/ops/attention/fla/fused_recurrent.py:440"
4,6452,"s_nop 0",0,0,0,0,"/sgl-workspace/sglang/python/sglang/kernels/ops/attention/fla/fused_recurrent.py:440"
4,6456,"s_nop 0",0,0,0,0,"/sgl-workspace/sglang/python/sglang/kernels/ops/attention/fla/fused_recurrent.py:440"
4,6460,"s_nop 0",0,0,0,0,"/sgl-workspace/sglang/python/sglang/kernels/ops/attention/fla/fused_recurrent.py:440"
4,6464,"s_nop 0",0,0,0,0,"/sgl-workspace/sglang/python/sglang/kernels/ops/attention/fla/fused_recurrent.py:440"
4,6468,"s_nop 0",0,0,0,0,"/sgl-workspace/sglang/python/sglang/kernels/ops/attention/fla/fused_recurrent.py:440"
4,6472,"s_nop 0",0,0,0,0,"/sgl-workspace/sglang/python/sglang/kernels/ops/attention/fla/fused_recurrent.py:440"
4,6476,"s_nop 0",0,0,0,0,"/sgl-workspace/sglang/python/sglang/kernels/ops/attention/fla/fused_recurrent.py:440"
4,6480,"s_nop 0",0,0,0,0,"/sgl-workspace/sglang/python/sglang/kernels/ops/attention/fla/fused_recurrent.py:440"
4,6484,"s_nop 0",0,0,0,0,"/sgl-workspace/sglang/python/sglang/kernels/ops/attention/fla/fused_recurrent.py:440"
4,6488,"s_nop 0",0,0,0,0,"/sgl-workspace/sglang/python/sglang/kernels/ops/attention/fla/fused_recurrent.py:440"
4,6492,"s_nop 0",0,0,0,0,"/sgl-workspace/sglang/python/sglang/kernels/ops/attention/fla/fused_recurrent.py:440"
4,6496,"s_nop 0",0,0,0,0,"/sgl-workspace/sglang/python/sglang/kernels/ops/attention/fla/fused_recurrent.py:440"
4,6500,"s_nop 0",0,0,0,0,"/sgl-workspace/sglang/python/sglang/kernels/ops/attention/fla/fused_recurrent.py:440"
4,6504,"s_nop 0",0,0,0,0,"/sgl-workspace/sglang/python/sglang/kernels/ops/attention/fla/fused_recurrent.py:440"
4,6508,"s_nop 0",0,0,0,0,"/sgl-workspace/sglang/python/sglang/kernels/ops/attention/fla/fused_recurrent.py:440"
4,6512,"s_nop 0",0,0,0,0,"/sgl-workspace/sglang/python/sglang/kernels/ops/attention/fla/fused_recurrent.py:440"
4,6516,"s_nop 0",0,0,0,0,"/sgl-workspace/sglang/python/sglang/kernels/ops/attention/fla/fused_recurrent.py:440"
4,6520,"s_nop 0",0,0,0,0,"/sgl-workspace/sglang/python/sglang/kernels/ops/attention/fla/fused_recurrent.py:440"
4,6524,"s_nop 0",0,0,0,0,"/sgl-workspace/sglang/python/sglang/kernels/ops/attention/fla/fused_recurrent.py:440"
4,6528,"s_nop 0",0,0,0,0,"/sgl-workspace/sglang/python/sglang/kernels/ops/attention/fla/fused_recurrent.py:440"
4,6532,"s_nop 0",0,0,0,0,"/sgl-workspace/sglang/python/sglang/kernels/ops/attention/fla/fused_recurrent.py:440"
4,6536,"s_nop 0",0,0,0,0,"/sgl-workspace/sglang/python/sglang/kernels/ops/attention/fla/fused_recurrent.py:440"
4,6540,"s_nop 0",0,0,0,0,"/sgl-workspace/sglang/python/sglang/kernels/ops/attention/fla/fused_recurrent.py:440"
4,6544,"s_nop 0",0,0,0,0,"/sgl-workspace/sglang/python/sglang/kernels/ops/attention/fla/fused_recurrent.py:440"
4,6548,"s_nop 0",0,0,0,0,"/sgl-workspace/sglang/python/sglang/kernels/ops/attention/fla/fused_recurrent.py:440"
4,6552,"s_nop 0",0,0,0,0,"/sgl-workspace/sglang/python/sglang/kernels/ops/attention/fla/fused_recurrent.py:440"
4,6556,"s_nop 0",0,0,0,0,"/sgl-workspace/sglang/python/sglang/kernels/ops/attention/fla/fused_recurrent.py:440"
4,6560,"s_nop 0",0,0,0,0,"/sgl-workspace/sglang/python/sglang/kernels/ops/attention/fla/fused_recurrent.py:440"
4,6564,"s_nop 0",0,0,0,0,"/sgl-workspace/sglang/python/sglang/kernels/ops/attention/fla/fused_recurrent.py:440"
4,6568,"s_nop 0",0,0,0,0,"/sgl-workspace/sglang/python/sglang/kernels/ops/attention/fla/fused_recurrent.py:440"
4,6572,"s_nop 0",0,0,0,0,"/sgl-workspace/sglang/python/sglang/kernels/ops/attention/fla/fused_recurrent.py:440"
4,6576,"s_nop 0",0,0,0,0,"/sgl-workspace/sglang/python/sglang/kernels/ops/attention/fla/fused_recurrent.py:440"
4,6580,"s_nop 0",0,0,0,0,"/sgl-workspace/sglang/python/sglang/kernels/ops/attention/fla/fused_recurrent.py:440"
4,6584,"s_nop 0",0,0,0,0,"/sgl-workspace/sglang/python/sglang/kernels/ops/attention/fla/fused_recurrent.py:440"
4,6588,"s_nop 0",0,0,0,0,"/sgl-workspace/sglang/python/sglang/kernels/ops/attention/fla/fused_recurrent.py:440"
4,6592,"s_nop 0",0,0,0,0,"/sgl-workspace/sglang/python/sglang/kernels/ops/attention/fla/fused_recurrent.py:440"
4,6596,"s_nop 0",0,0,0,0,"/sgl-workspace/sglang/python/sglang/kernels/ops/attention/fla/fused_recurrent.py:440"
4,6600,"s_nop 0",0,0,0,0,"/sgl-workspace/sglang/python/sglang/kernels/ops/attention/fla/fused_recurrent.py:440"
4,6604,"s_nop 0",0,0,0,0,"/sgl-workspace/sglang/python/sglang/kernels/ops/attention/fla/fused_recurrent.py:440"
4,6608,"s_nop 0",0,0,0,0,"/sgl-workspace/sglang/python/sglang/kernels/ops/attention/fla/fused_recurrent.py:440"
4,6612,"s_nop 0",0,0,0,0,"/sgl-workspace/sglang/python/sglang/kernels/ops/attention/fla/fused_recurrent.py:440"
4,6616,"s_nop 0",0,0,0,0,"/sgl-workspace/sglang/python/sglang/kernels/ops/attention/fla/fused_recurrent.py:440"
4,6620,"s_nop 0",0,0,0,0,"/sgl-workspace/sglang/python/sglang/kernels/ops/attention/fla/fused_recurrent.py:440"
4,6624,"s_nop 0",0,0,0,0,"/sgl-workspace/sglang/python/sglang/kernels/ops/attention/fla/fused_recurrent.py:440"
4,6628,"s_nop 0",0,0,0,0,"/sgl-workspace/sglang/python/sglang/kernels/ops/attention/fla/fused_recurrent.py:440"
4,6632,"s_nop 0",0,0,0,0,"/sgl-workspace/sglang/python/sglang/kernels/ops/attention/fla/fused_recurrent.py:440"
4,6636,"s_nop 0",0,0,0,0,"/sgl-workspace/sglang/python/sglang/kernels/ops/attention/fla/fused_recurrent.py:440"
4,6640,"s_nop 0",0,0,0,0,"/sgl-workspace/sglang/python/sglang/kernels/ops/attention/fla/fused_recurrent.py:440"
4,6644,"s_nop 0",0,0,0,0,"/sgl-workspace/sglang/python/sglang/kernels/ops/attention/fla/fused_recurrent.py:440"
4,6648,"s_nop 0",0,0,0,0,"/sgl-workspace/sglang/python/sglang/kernels/ops/attention/fla/fused_recurrent.py:440"
4,6652,"s_nop 0",0,0,0,0,"/sgl-workspace/sglang/python/sglang/kernels/ops/attention/fla/fused_recurrent.py:440"
4,6656,"s_mov_b64 s[28:29], s[10:11]",8,32,0,2832,"/sgl-workspace/sglang/python/sglang/kernels/ops/attention/fla/fused_recurrent.py:440"
4,6660,"s_mov_b64 s[10:11], s[6:7]",8,32,0,0,"/sgl-workspace/sglang/python/sglang/kernels/ops/attention/fla/fused_recurrent.py:440"
4,6664,"s_mov_b64 s[36:37], s[2:3]",8,32,0,0,"/sgl-workspace/sglang/python/sglang/kernels/ops/attention/fla/fused_recurrent.py:440"
4,6668,"s_load_dwordx2 s[2:3], s[0:1], 0x40",8,32,0,0,"/sgl-workspace/sglang/python/sglang/kernels/ops/attention/fla/fused_recurrent.py:440"
4,6676,"s_mul_hi_i32 s6, s17, 0x2aaaaaab",8,32,0,0,"/sgl-workspace/sglang/python/sglang/kernels/ops/attention/fla/fused_recurrent.py:472"
4,6684,"s_lshr_b32 s7, s6, 31",8,32,0,0,"/sgl-workspace/sglang/python/sglang/kernels/ops/attention/fla/fused_recurrent.py:472"
4,6688,"s_ashr_i32 s6, s6, 1",8,32,0,0,"/sgl-workspace/sglang/python/sglang/kernels/ops/attention/fla/fused_recurrent.py:472"
4,6692,"s_add_i32 s6, s6, s7",8,32,0,0,"/sgl-workspace/sglang/python/sglang/kernels/ops/attention/fla/fused_recurrent.py:472"
4,6696,"s_ashr_i32 s7, s6, 31",8,32,0,0,"/sgl-workspace/sglang/python/sglang/kernels/ops/attention/fla/fused_recurrent.py:481"
4,6700,"s_mov_b32 s22, s17",8,32,0,0,"/sgl-workspace/sglang/python/sglang/kernels/ops/attention/fla/fused_recurrent.py:481"
4,6704,"s_mov_b64 s[24:25], s[14:15]",8,32,0,0,"/sgl-workspace/sglang/python/sglang/kernels/ops/attention/fla/fused_recurrent.py:481"
4,6708,"s_lshl_b32 s17, s16, 5",8,32,0,0,"/sgl-workspace/sglang/python/sglang/kernels/ops/attention/fla/fused_recurrent.py:476"
4,6712,"s_lshl_b64 s[14:15], s[6:7], 2",8,36,0,0,"/sgl-workspace/sglang/python/sglang/kernels/ops/attention/fla/fused_recurrent.py:481"
4,6716,"s_waitcnt lgkmcnt(0)",8,3864,3864,0,"/sgl-workspace/sglang/python/sglang/kernels/ops/attention/fla/fused_recurrent.py:481"
4,6720,"s_add_u32 s2, s2, s14",8,32,0,0,"/sgl-workspace/sglang/python/sglang/kernels/ops/attention/fla/fused_recurrent.py:481"
4,6724,"s_addc_u32 s3, s3, s15",8,32,0,0,"/sgl-workspace/sglang/python/sglang/kernels/ops/attention/fla/fused_recurrent.py:481"
4,6728,"s_load_dword s23, s[2:3], 0x0",8,32,0,0,"/sgl-workspace/sglang/python/sglang/kernels/ops/attention/fla/fused_recurrent.py:481"
4,6736,"v_and_b32_e32 v48, 31, v0",8,32,0,0,"/sgl-workspace/sglang/python/sglang/kernels/ops/attention/fla/fused_recurrent.py:475"
4,6740,"v_or_b32_e32 v1, s17, v48",8,32,0,0,"/sgl-workspace/sglang/python/sglang/kernels/ops/attention/fla/fused_recurrent.py:476"
4,6744,"s_movk_i32 s7, 0x80",8,32,0,0,"/sgl-workspace/sglang/python/sglang/kernels/ops/attention/fla/fused_recurrent.py:476"
4,6748,"v_and_b32_e32 v73, 32, v0",8,32,0,0,"/sgl-workspace/sglang/python/sglang/kernels/ops/attention/fla/fused_recurrent.py:476"
4,6752,"v_cmp_gt_i32_e64 s[2:3], s7, v1",8,32,0,0,"/sgl-workspace/sglang/python/sglang/kernels/ops/attention/fla/fused_recurrent.py:478"
4,6760,"v_lshl_or_b32 v1, s22, 7, v48",8,32,0,0,"/sgl-workspace/sglang/python/sglang/kernels/ops/attention/fla/fused_recurrent.py:482"
4,6768,"v_cmp_eq_u32_e64 s[18:19], 0, v73",8,32,0,0,"/sgl-workspace/sglang/python/sglang/kernels/ops/attention/fla/fused_recurrent.py:476"
4,6776,"v_add_u32_e32 v71, s17, v1",8,32,0,0,"/sgl-workspace/sglang/python/sglang/kernels/ops/attention/fla/fused_recurrent.py:482"
4,6780,"s_waitcnt lgkmcnt(0)",8,2504,2504,0,"/sgl-workspace/sglang/python/sglang/kernels/ops/attention/fla/fused_recurrent.py:484"
4,6784,"s_cmp_gt_i32 s23, -1",8,32,0,0,"/sgl-workspace/sglang/python/sglang/kernels/ops/attention/fla/fused_recurrent.py:484"
4,6788,"s_mov_b64 s[14:15], -1",8,32,0,0,"/sgl-workspace/sglang/python/sglang/kernels/ops/attention/fla/fused_recurrent.py:484"
4,6792,"s_cbranch_scc1 3",8,32,0,32,"/sgl-workspace/sglang/python/sglang/kernels/ops/attention/fla/fused_recurrent.py:484"
4,6796,"s_andn2_b64 vcc, exec, s[14:15]",0,0,0,0,"/sgl-workspace/sglang/python/sglang/kernels/ops/attention/fla/fused_recurrent.py:484"
4,6800,"s_cbranch_vccz 2074",0,0,0,0,"/sgl-workspace/sglang/python/sglang/kernels/ops/attention/fla/fused_recurrent.py:484"
4,6804,"s_endpgm",8,2200,0,0,"/sgl-workspace/sglang/python/sglang/kernels/ops/attention/fla/fused_recurrent.py:484"
4,6808,"s_load_dwordx2 s[20:21], s[0:1], 0x38",8,32,0,128,"/sgl-workspace/sglang/python/sglang/kernels/ops/attention/fla/fused_recurrent.py:484"
4,6816,"s_load_dwordx2 s[14:15], s[0:1], 0x48",8,32,0,96,"/sgl-workspace/sglang/python/sglang/kernels/ops/attention/fla/fused_recurrent.py:484"
4,6824,"s_mul_i32 s0, s6, 12",8,32,0,0,"/sgl-workspace/sglang/python/sglang/kernels/ops/attention/fla/fused_recurrent.py:472"
4,6828,"s_sub_i32 s0, s22, s0",8,32,0,0,"/sgl-workspace/sglang/python/sglang/kernels/ops/attention/fla/fused_recurrent.py:472"
4,6832,"s_xor_b64 s[26:27], s[18:19], -1",8,32,0,0,"/sgl-workspace/sglang/python/sglang/kernels/ops/attention/fla/fused_recurrent.py:476"
4,6836,"v_cndmask_b32_e64 v49, 0, 1, s[26:27]",8,32,0,0,"/sgl-workspace/sglang/python/sglang/kernels/ops/attention/fla/fused_recurrent.py:476"
4,6844,"s_lshl_b32 s1, s0, 14",8,32,0,0,"/sgl-workspace/sglang/python/sglang/kernels/ops/attention/fla/fused_recurrent.py:490"
4,6848,"s_lshl_b32 s16, s16, 12",8,32,0,0,"/sgl-workspace/sglang/python/sglang/kernels/ops/attention/fla/fused_recurrent.py:490"
4,6852,"v_or_b32_e32 v27, 8, v49",8,32,0,0,"/sgl-workspace/sglang/python/sglang/kernels/ops/attention/fla/fused_recurrent.py:476"
4,6856,"s_mul_i32 s23, s23, 0x30000",8,32,0,0,"/sgl-workspace/sglang/python/sglang/kernels/ops/attention/fla/fused_recurrent.py:489"
4,6864,"s_add_i32 s1, s1, s16",8,32,0,0,"/sgl-workspace/sglang/python/sglang/kernels/ops/attention/fla/fused_recurrent.py:490"
4,6868,"v_or_b32_e32 v13, 28, v49",8,32,0,0,"/sgl-workspace/sglang/python/sglang/kernels/ops/attention/fla/fused_recurrent.py:476"
4,6872,"v_or_b32_e32 v26, 10, v49",8,32,0,0,"/sgl-workspace/sglang/python/sglang/kernels/ops/attention/fla/fused_recurrent.py:476"
4,6876,"v_lshlrev_b32_e32 v2, 2, v48",8,32,0,0,"/sgl-workspace/sglang/python/sglang/kernels/ops/attention/fla/fused_recurrent.py:475"
4,6880,"v_lshlrev_b32_e32 v6, 7, v27",8,32,0,0,"/sgl-workspace/sglang/python/sglang/kernels/ops/attention/fla/fused_recurrent.py:490"
4,6884,"s_add_i32 s1, s1, s23",8,32,0,0,"/sgl-workspace/sglang/python/sglang/kernels/ops/attention/fla/fused_recurrent.py:490"
4,6888,"v_or_b32_e32 v1, s17, v49",8,32,0,0,"/sgl-workspace/sglang/python/sglang/kernels/ops/attention/fla/fused_recurrent.py:476"
4,6892,"v_or_b32_e32 v12, 30, v49",8,32,0,0,"/sgl-workspace/sglang/python/sglang/kernels/ops/attention/fla/fused_recurrent.py:476"
4,6896,"v_or_b32_e32 v14, 26, v49",8,32,0,0,"/sgl-workspace/sglang/python/sglang/kernels/ops/attention/fla/fused_recurrent.py:476"
4,6900,"v_or_b32_e32 v15, 24, v49",8,32,0,0,"/sgl-workspace/sglang/python/sglang/kernels/ops/attention/fla/fused_recurrent.py:476"
4,6904,"v_or_b32_e32 v16, 22, v49",8,32,0,0,"/sgl-workspace/sglang/python/sglang/kernels/ops/attention/fla/fused_recurrent.py:476"
4,6908,"v_or_b32_e32 v17, 20, v49",8,32,0,0,"/sgl-workspace/sglang/python/sglang/kernels/ops/attention/fla/fused_recurrent.py:476"
4,6912,"v_or_b32_e32 v18, 18, v49",8,32,0,0,"/sgl-workspace/sglang/python/sglang/kernels/ops/attention/fla/fused_recurrent.py:476"
4,6916,"v_or_b32_e32 v19, 16, v49",8,32,0,0,"/sgl-workspace/sglang/python/sglang/kernels/ops/attention/fla/fused_recurrent.py:476"
4,6920,"v_or_b32_e32 v24, 14, v49",8,32,0,0,"/sgl-workspace/sglang/python/sglang/kernels/ops/attention/fla/fused_recurrent.py:476"
4,6924,"v_or_b32_e32 v25, 12, v49",8,32,0,0,"/sgl-workspace/sglang/python/sglang/kernels/ops/attention/fla/fused_recurrent.py:476"
4,6928,"v_or_b32_e32 v28, 6, v49",8,32,0,0,"/sgl-workspace/sglang/python/sglang/kernels/ops/attention/fla/fused_recurrent.py:476"
4,6932,"v_or_b32_e32 v29, 4, v49",8,32,0,0,"/sgl-workspace/sglang/python/sglang/kernels/ops/attention/fla/fused_recurrent.py:476"
4,6936,"v_or_b32_e32 v30, 2, v49",8,32,0,0,"/sgl-workspace/sglang/python/sglang/kernels/ops/attention/fla/fused_recurrent.py:476"
4,6940,"v_lshlrev_b32_e32 v7, 7, v26",8,32,0,0,"/sgl-workspace/sglang/python/sglang/kernels/ops/attention/fla/fused_recurrent.py:490"
4,6944,"v_lshlrev_b32_e32 v31, 7, v13",8,32,0,0,"/sgl-workspace/sglang/python/sglang/kernels/ops/attention/fla/fused_recurrent.py:490"
4,6948,"v_or3_b32 v35, v6, v2, s1",8,32,0,0,"/sgl-workspace/sglang/python/sglang/kernels/ops/attention/fla/fused_recurrent.py:490"
4,6956,"v_lshlrev_b32_e32 v3, 7, v30",8,32,0,0,"/sgl-workspace/sglang/python/sglang/kernels/ops/attention/fla/fused_recurrent.py:490"
4,6960,"v_lshlrev_b32_e32 v4, 7, v29",8,32,0,0,"/sgl-workspace/sglang/python/sglang/kernels/ops/attention/fla/fused_recurrent.py:490"
4,6964,"v_lshlrev_b32_e32 v5, 7, v28",8,32,0,0,"/sgl-workspace/sglang/python/sglang/kernels/ops/attention/fla/fused_recurrent.py:490"
4,6968,"v_lshlrev_b32_e32 v8, 7, v25",8,32,0,0,"/sgl-workspace/sglang/python/sglang/kernels/ops/attention/fla/fused_recurrent.py:490"
4,6972,"v_lshlrev_b32_e32 v9, 7, v24",8,32,0,0,"/sgl-workspace/sglang/python/sglang/kernels/ops/attention/fla/fused_recurrent.py:490"
4,6976,"v_lshlrev_b32_e32 v10, 7, v19",8,32,0,0,"/sgl-workspace/sglang/python/sglang/kernels/ops/attention/fla/fused_recurrent.py:490"
4,6980,"v_lshlrev_b32_e32 v11, 7, v18",8,32,0,0,"/sgl-workspace/sglang/python/sglang/kernels/ops/attention/fla/fused_recurrent.py:490"
4,6984,"v_lshlrev_b32_e32 v20, 7, v17",8,32,0,0,"/sgl-workspace/sglang/python/sglang/kernels/ops/attention/fla/fused_recurrent.py:490"
4,6988,"v_lshlrev_b32_e32 v21, 7, v16",8,32,0,0,"/sgl-workspace/sglang/python/sglang/kernels/ops/attention/fla/fused_recurrent.py:490"
4,6992,"v_lshlrev_b32_e32 v22, 7, v15",8,32,0,0,"/sgl-workspace/sglang/python/sglang/kernels/ops/attention/fla/fused_recurrent.py:490"
4,6996,"v_lshlrev_b32_e32 v23, 7, v14",8,32,0,0,"/sgl-workspace/sglang/python/sglang/kernels/ops/attention/fla/fused_recurrent.py:490"
4,7000,"v_lshlrev_b32_e32 v32, 7, v12",8,32,0,0,"/sgl-workspace/sglang/python/sglang/kernels/ops/attention/fla/fused_recurrent.py:490"
4,7004,"v_or3_b32 v36, v7, v2, s1",8,32,0,0,"/sgl-workspace/sglang/python/sglang/kernels/ops/attention/fla/fused_recurrent.py:490"
4,7012,"v_or3_b32 v57, v31, v2, s1",8,32,0,0,"/sgl-workspace/sglang/python/sglang/kernels/ops/attention/fla/fused_recurrent.py:490"
4,7020,"v_bfrev_b32_e32 v106, 1",8,32,0,0,"/sgl-workspace/sglang/python/sglang/kernels/ops/attention/fla/fused_recurrent.py:491"
4,7024,"v_cmp_gt_i32_e32 vcc, s7, v1",8,32,0,0,"/sgl-workspace/sglang/python/sglang/kernels/ops/attention/fla/fused_recurrent.py:478"
4,7028,"v_lshlrev_b32_e32 v31, 2, v35",8,32,0,0,"/sgl-workspace/sglang/python/sglang/kernels/ops/attention/fla/fused_recurrent.py:491"
4,7032,"v_lshlrev_b32_e32 v58, 1, v0",8,32,0,0,"/sgl-workspace/sglang/python/sglang/kernels/ops/attention/fla/fused_recurrent.py:475"
4,7036,"v_or3_b32 v3, v3, v2, s1",8,32,0,0,"/sgl-workspace/sglang/python/sglang/kernels/ops/attention/fla/fused_recurrent.py:490"
4,7044,"v_or3_b32 v33, v4, v2, s1",8,32,0,0,"/sgl-workspace/sglang/python/sglang/kernels/ops/attention/fla/fused_recurrent.py:490"
4,7052,"v_or3_b32 v34, v5, v2, s1",8,32,0,0,"/sgl-workspace/sglang/python/sglang/kernels/ops/attention/fla/fused_recurrent.py:490"
4,7060,"v_or3_b32 v37, v8, v2, s1",8,32,0,0,"/sgl-workspace/sglang/python/sglang/kernels/ops/attention/fla/fused_recurrent.py:490"
4,7068,"v_or3_b32 v38, v9, v2, s1",8,32,0,32,"/sgl-workspace/sglang/python/sglang/kernels/ops/attention/fla/fused_recurrent.py:490"
4,7076,"v_or3_b32 v50, v10, v2, s1",8,32,0,0,"/sgl-workspace/sglang/python/sglang/kernels/ops/attention/fla/fused_recurrent.py:490"
4,7084,"v_or3_b32 v51, v11, v2, s1",8,32,0,0,"/sgl-workspace/sglang/python/sglang/kernels/ops/attention/fla/fused_recurrent.py:490"
4,7092,"v_or3_b32 v52, v20, v2, s1",8,32,0,0,"/sgl-workspace/sglang/python/sglang/kernels/ops/attention/fla/fused_recurrent.py:490"
4,7100,"v_or3_b32 v53, v21, v2, s1",8,32,0,32,"/sgl-workspace/sglang/python/sglang/kernels/ops/attention/fla/fused_recurrent.py:490"
4,7108,"v_or3_b32 v54, v22, v2, s1",8,32,0,0,"/sgl-workspace/sglang/python/sglang/kernels/ops/attention/fla/fused_recurrent.py:490"
4,7116,"v_or3_b32 v55, v23, v2, s1",8,32,0,0,"/sgl-workspace/sglang/python/sglang/kernels/ops/attention/fla/fused_recurrent.py:490"
4,7124,"v_or3_b32 v59, v32, v2, s1",8,32,0,0,"/sgl-workspace/sglang/python/sglang/kernels/ops/attention/fla/fused_recurrent.py:490"
4,7132,"s_lshl_b32 s1, s1, 2",8,32,0,0,"/sgl-workspace/sglang/python/sglang/kernels/ops/attention/fla/fused_recurrent.py:491"
4,7136,"v_cndmask_b32_e32 v87, v106, v31, vcc",8,32,0,0,"/sgl-workspace/sglang/python/sglang/kernels/ops/attention/fla/fused_recurrent.py:491"
4,7140,"v_lshlrev_b32_e32 v31, 2, v36",8,32,0,0,"/sgl-workspace/sglang/python/sglang/kernels/ops/attention/fla/fused_recurrent.py:491"
4,7144,"s_mul_i32 s7, s6, 0x1200",8,32,0,0,"/sgl-workspace/sglang/python/sglang/kernels/ops/attention/fla/fused_recurrent.py:493"
4,7152,"s_mov_b32 s27, 0x27000",8,32,0,0,"/sgl-workspace/sglang/python/sglang/kernels/ops/attention/fla/fused_recurrent.py:493"
4,7160,"s_mov_b32 s26, 0x7ffffffe",8,32,0,0,"/sgl-workspace/sglang/python/sglang/kernels/ops/attention/fla/fused_recurrent.py:493"
4,7168,"v_lshl_or_b32 v0, v0, 4, s1",8,32,0,0,"/sgl-workspace/sglang/python/sglang/kernels/ops/attention/fla/fused_recurrent.py:491"
4,7176,"v_cndmask_b32_e32 v75, v106, v31, vcc",8,32,0,0,"/sgl-workspace/sglang/python/sglang/kernels/ops/attention/fla/fused_recurrent.py:491"
4,7180,"s_lshl_b32 s1, s0, 7",8,32,0,0,"/sgl-workspace/sglang/python/sglang/kernels/ops/attention/fla/fused_recurrent.py:494"
4,7184,"v_or_b32_e32 v31, s7, v58",8,32,0,0,"/sgl-workspace/sglang/python/sglang/kernels/ops/attention/fla/fused_recurrent.py:497"
4,7188,"s_and_b32 s37, s37, 0xffff",8,32,0,0,"/sgl-workspace/sglang/python/sglang/kernels/ops/attention/fla/fused_recurrent.py:497"
4,7196,"s_mov_b32 s38, s26",8,32,0,0,"/sgl-workspace/sglang/python/sglang/kernels/ops/attention/fla/fused_recurrent.py:497"
4,7200,"s_mov_b32 s39, s27",8,32,0,0,"/sgl-workspace/sglang/python/sglang/kernels/ops/attention/fla/fused_recurrent.py:497"
4,7204,"v_add_lshl_u32 v31, v31, s1, 1",8,32,0,0,"/sgl-workspace/sglang/python/sglang/kernels/ops/attention/fla/fused_recurrent.py:497"
4,7212,"buffer_load_dword v56, v31, s[36:39], 0 offen",8,96,64,64,"/sgl-workspace/sglang/python/sglang/kernels/ops/attention/fla/fused_recurrent.py:497"
4,7220,"s_add_i32 s16, s17, s1",8,32,0,0,"/sgl-workspace/sglang/python/sglang/kernels/ops/attention/fla/fused_recurrent.py:496"
4,7224,"s_addk_i32 s16, 0xc00",8,32,0,0,"/sgl-workspace/sglang/python/sglang/kernels/ops/attention/fla/fused_recurrent.py:499"
4,7228,"v_or_b32_e32 v32, s7, v49",8,32,0,0,"/sgl-workspace/sglang/python/sglang/kernels/ops/attention/fla/fused_recurrent.py:499"
4,7232,"v_or_b32_e32 v30, s7, v30",8,32,0,0,"/sgl-workspace/sglang/python/sglang/kernels/ops/attention/fla/fused_recurrent.py:499"
4,7236,"v_or_b32_e32 v29, s7, v29",8,32,0,0,"/sgl-workspace/sglang/python/sglang/kernels/ops/attention/fla/fused_recurrent.py:499"
4,7240,"v_or_b32_e32 v28, s7, v28",8,32,0,0,"/sgl-workspace/sglang/python/sglang/kernels/ops/attention/fla/fused_recurrent.py:499"
4,7244,"v_or_b32_e32 v27, s7, v27",8,32,0,0,"/sgl-workspace/sglang/python/sglang/kernels/ops/attention/fla/fused_recurrent.py:499"
4,7248,"v_or_b32_e32 v26, s7, v26",8,32,0,0,"/sgl-workspace/sglang/python/sglang/kernels/ops/attention/fla/fused_recurrent.py:499"
4,7252,"v_add_lshl_u32 v32, v32, s16, 1",8,32,0,0,"/sgl-workspace/sglang/python/sglang/kernels/ops/attention/fla/fused_recurrent.py:499"
4,7260,"v_add_lshl_u32 v30, v30, s16, 1",8,32,0,0,"/sgl-workspace/sglang/python/sglang/kernels/ops/attention/fla/fused_recurrent.py:499"
4,7268,"v_add_lshl_u32 v29, v29, s16, 1",8,32,0,0,"/sgl-workspace/sglang/python/sglang/kernels/ops/attention/fla/fused_recurrent.py:499"
4,7276,"v_add_lshl_u32 v28, v28, s16, 1",8,32,0,0,"/sgl-workspace/sglang/python/sglang/kernels/ops/attention/fla/fused_recurrent.py:499"
4,7284,"v_add_lshl_u32 v27, v27, s16, 1",8,32,0,0,"/sgl-workspace/sglang/python/sglang/kernels/ops/attention/fla/fused_recurrent.py:499"
4,7292,"v_add_lshl_u32 v26, v26, s16, 1",8,32,0,32,"/sgl-workspace/sglang/python/sglang/kernels/ops/attention/fla/fused_recurrent.py:499"
4,7300,"v_cndmask_b32_e32 v32, v106, v32, vcc",8,32,0,0,"/sgl-workspace/sglang/python/sglang/kernels/ops/attention/fla/fused_recurrent.py:499"
4,7304,"v_cndmask_b32_e32 v30, v106, v30, vcc",8,32,0,0,"/sgl-workspace/sglang/python/sglang/kernels/ops/attention/fla/fused_recurrent.py:499"
4,7308,"v_cndmask_b32_e32 v29, v106, v29, vcc",8,32,0,0,"/sgl-workspace/sglang/python/sglang/kernels/ops/attention/fla/fused_recurrent.py:499"
4,7312,"v_cndmask_b32_e32 v28, v106, v28, vcc",8,32,0,0,"/sgl-workspace/sglang/python/sglang/kernels/ops/attention/fla/fused_recurrent.py:499"
4,7316,"v_cndmask_b32_e32 v27, v106, v27, vcc",8,32,0,0,"/sgl-workspace/sglang/python/sglang/kernels/ops/attention/fla/fused_recurrent.py:499"
4,7320,"v_cndmask_b32_e32 v26, v106, v26, vcc",8,32,0,0,"/sgl-workspace/sglang/python/sglang/kernels/ops/attention/fla/fused_recurrent.py:499"
4,7324,"buffer_load_dword v65, v31, s[36:39], 0 offen offset:3072",8,32,0,64,"/sgl-workspace/sglang/python/sglang/kernels/ops/attention/fla/fused_recurrent.py:498"
4,7332,"buffer_load_ushort v60, v32, s[36:39], 0 offen",8,32,0,0,"/sgl-workspace/sglang/python/sglang/kernels/ops/attention/fla/fused_recurrent.py:499"
4,7340,"buffer_load_ushort v62, v30, s[36:39], 0 offen",8,32,0,0,"/sgl-workspace/sglang/python/sglang/kernels/ops/attention/fla/fused_recurrent.py:499"
4,7348,"buffer_load_ushort v63, v29, s[36:39], 0 offen",8,40,0,0,"/sgl-workspace/sglang/python/sglang/kernels/ops/attention/fla/fused_recurrent.py:499"
4,7356,"buffer_load_ushort v64, v28, s[36:39], 0 offen",8,32,0,24,"/sgl-workspace/sglang/python/sglang/kernels/ops/attention/fla/fused_recurrent.py:499"
4,7364,"buffer_load_ushort v76, v27, s[36:39], 0 offen",8,32,0,0,"/sgl-workspace/sglang/python/sglang/kernels/ops/attention/fla/fused_recurrent.py:499"
4,7372,"buffer_load_ushort v77, v26, s[36:39], 0 offen",8,32,0,0,"/sgl-workspace/sglang/python/sglang/kernels/ops/attention/fla/fused_recurrent.py:499"
4,7380,"v_or_b32_e32 v25, s7, v25",8,32,0,0,"/sgl-workspace/sglang/python/sglang/kernels/ops/attention/fla/fused_recurrent.py:499"
4,7384,"v_or_b32_e32 v24, s7, v24",8,32,0,0,"/sgl-workspace/sglang/python/sglang/kernels/ops/attention/fla/fused_recurrent.py:499"
4,7388,"v_or_b32_e32 v19, s7, v19",8,32,0,0,"/sgl-workspace/sglang/python/sglang/kernels/ops/attention/fla/fused_recurrent.py:499"
4,7392,"v_or_b32_e32 v18, s7, v18",8,32,0,0,"/sgl-workspace/sglang/python/sglang/kernels/ops/attention/fla/fused_recurrent.py:499"
4,7396,"v_or_b32_e32 v17, s7, v17",8,32,0,0,"/sgl-workspace/sglang/python/sglang/kernels/ops/attention/fla/fused_recurrent.py:499"
4,7400,"v_add_lshl_u32 v25, v25, s16, 1",8,32,0,0,"/sgl-workspace/sglang/python/sglang/kernels/ops/attention/fla/fused_recurrent.py:499"
4,7408,"v_cndmask_b32_e32 v25, v106, v25, vcc",8,32,0,0,"/sgl-workspace/sglang/python/sglang/kernels/ops/attention/fla/fused_recurrent.py:499"
4,7412,"v_add_lshl_u32 v24, v24, s16, 1",8,32,0,0,"/sgl-workspace/sglang/python/sglang/kernels/ops/attention/fla/fused_recurrent.py:499"
4,7420,"v_add_lshl_u32 v19, v19, s16, 1",8,32,0,0,"/sgl-workspace/sglang/python/sglang/kernels/ops/attention/fla/fused_recurrent.py:499"
4,7428,"v_add_lshl_u32 v18, v18, s16, 1",8,32,0,0,"/sgl-workspace/sglang/python/sglang/kernels/ops/attention/fla/fused_recurrent.py:499"
4,7436,"v_add_lshl_u32 v17, v17, s16, 1",8,32,0,0,"/sgl-workspace/sglang/python/sglang/kernels/ops/attention/fla/fused_recurrent.py:499"
4,7444,"s_and_b32 s25, s25, 0xffff",8,32,0,0,"/sgl-workspace/sglang/python/sglang/kernels/ops/attention/fla/fused_recurrent.py:491"
4,7452,"v_cndmask_b32_e32 v24, v106, v24, vcc",8,32,0,0,"/sgl-workspace/sglang/python/sglang/kernels/ops/attention/fla/fused_recurrent.py:499"
4,7456,"v_cndmask_b32_e32 v19, v106, v19, vcc",8,32,0,0,"/sgl-workspace/sglang/python/sglang/kernels/ops/attention/fla/fused_recurrent.py:499"
4,7460,"v_cndmask_b32_e32 v18, v106, v18, vcc",8,32,0,0,"/sgl-workspace/sglang/python/sglang/kernels/ops/attention/fla/fused_recurrent.py:499"
4,7464,"v_cndmask_b32_e32 v17, v106, v17, vcc",8,32,0,0,"/sgl-workspace/sglang/python/sglang/kernels/ops/attention/fla/fused_recurrent.py:499"
4,7468,"buffer_load_ushort v81, v25, s[36:39], 0 offen",8,32,0,64,"/sgl-workspace/sglang/python/sglang/kernels/ops/attention/fla/fused_recurrent.py:499"
4,7476,"buffer_load_ushort v82, v24, s[36:39], 0 offen",8,32,0,0,"/sgl-workspace/sglang/python/sglang/kernels/ops/attention/fla/fused_recurrent.py:499"
4,7484,"buffer_load_ushort v83, v19, s[36:39], 0 offen",8,32,0,0,"/sgl-workspace/sglang/python/sglang/kernels/ops/attention/fla/fused_recurrent.py:499"
4,7492,"buffer_load_ushort v84, v18, s[36:39], 0 offen",8,32,0,0,"/sgl-workspace/sglang/python/sglang/kernels/ops/attention/fla/fused_recurrent.py:499"
4,7500,"buffer_load_ushort v85, v17, s[36:39], 0 offen",8,32,0,0,"/sgl-workspace/sglang/python/sglang/kernels/ops/attention/fla/fused_recurrent.py:499"
4,7508,"buffer_load_dwordx4 v[40:43], v87, s[24:27], 0 offen",8,40,0,0,"/sgl-workspace/sglang/python/sglang/kernels/ops/attention/fla/fused_recurrent.py:491"
4,7516,"buffer_load_dwordx4 v[44:47], v75, s[24:27], 0 offen",8,32,0,24,"/sgl-workspace/sglang/python/sglang/kernels/ops/attention/fla/fused_recurrent.py:491"
4,7524,"v_or_b32_e32 v16, s7, v16",8,32,0,0,"/sgl-workspace/sglang/python/sglang/kernels/ops/attention/fla/fused_recurrent.py:499"
4,7528,"v_or_b32_e32 v15, s7, v15",8,32,0,0,"/sgl-workspace/sglang/python/sglang/kernels/ops/attention/fla/fused_recurrent.py:499"
4,7532,"v_or_b32_e32 v14, s7, v14",8,32,0,0,"/sgl-workspace/sglang/python/sglang/kernels/ops/attention/fla/fused_recurrent.py:499"
4,7536,"v_add_lshl_u32 v16, v16, s16, 1",8,32,0,0,"/sgl-workspace/sglang/python/sglang/kernels/ops/attention/fla/fused_recurrent.py:499"
4,7544,"v_cndmask_b32_e32 v16, v106, v16, vcc",8,32,0,0,"/sgl-workspace/sglang/python/sglang/kernels/ops/attention/fla/fused_recurrent.py:499"
4,7548,"v_add_lshl_u32 v15, v15, s16, 1",8,32,0,0,"/sgl-workspace/sglang/python/sglang/kernels/ops/attention/fla/fused_recurrent.py:499"
4,7556,"v_add_lshl_u32 v14, v14, s16, 1",8,32,0,0,"/sgl-workspace/sglang/python/sglang/kernels/ops/attention/fla/fused_recurrent.py:499"
4,7564,"v_cndmask_b32_e32 v15, v106, v15, vcc",8,32,0,0,"/sgl-workspace/sglang/python/sglang/kernels/ops/attention/fla/fused_recurrent.py:499"
4,7568,"v_cndmask_b32_e32 v14, v106, v14, vcc",8,32,0,0,"/sgl-workspace/sglang/python/sglang/kernels/ops/attention/fla/fused_recurrent.py:499"
4,7572,"buffer_load_ushort v86, v16, s[36:39], 0 offen",8,32,0,64,"/sgl-workspace/sglang/python/sglang/kernels/ops/attention/fla/fused_recurrent.py:499"
4,7580,"buffer_load_ushort v92, v15, s[36:39], 0 offen",8,32,0,0,"/sgl-workspace/sglang/python/sglang/kernels/ops/attention/fla/fused_recurrent.py:499"
4,7588,"buffer_load_ushort v94, v14, s[36:39], 0 offen",8,32,0,0,"/sgl-workspace/sglang/python/sglang/kernels/ops/attention/fla/fused_recurrent.py:499"
4,7596,"v_or_b32_e32 v13, s7, v13",8,32,0,0,"/sgl-workspace/sglang/python/sglang/kernels/ops/attention/fla/fused_recurrent.py:499"
4,7600,"v_or_b32_e32 v12, s7, v12",8,32,0,0,"/sgl-workspace/sglang/python/sglang/kernels/ops/attention/fla/fused_recurrent.py:499"
4,7604,"v_add_lshl_u32 v13, v13, s16, 1",8,32,0,0,"/sgl-workspace/sglang/python/sglang/kernels/ops/attention/fla/fused_recurrent.py:499"
4,7612,"v_cndmask_b32_e32 v13, v106, v13, vcc",8,32,0,0,"/sgl-workspace/sglang/python/sglang/kernels/ops/attention/fla/fused_recurrent.py:499"
4,7616,"v_add_lshl_u32 v12, v12, s16, 1",8,32,0,0,"/sgl-workspace/sglang/python/sglang/kernels/ops/attention/fla/fused_recurrent.py:499"
4,7624,"v_cndmask_b32_e32 v12, v106, v12, vcc",8,32,0,0,"/sgl-workspace/sglang/python/sglang/kernels/ops/attention/fla/fused_recurrent.py:499"
4,7628,"buffer_load_ushort v98, v13, s[36:39], 0 offen",8,32,0,64,"/sgl-workspace/sglang/python/sglang/kernels/ops/attention/fla/fused_recurrent.py:499"
4,7636,"buffer_load_ushort v99, v12, s[36:39], 0 offen",8,32,0,0,"/sgl-workspace/sglang/python/sglang/kernels/ops/attention/fla/fused_recurrent.py:499"
4,7644,"v_lshlrev_b32_e32 v117, 1, v48",8,32,0,0,"/sgl-workspace/sglang/python/sglang/kernels/ops/attention/fla/fused_recurrent.py:504"
4,7648,"v_or_b32_e32 v48, v117, v49",8,32,0,0,"/sgl-workspace/sglang/python/sglang/kernels/ops/attention/fla/fused_recurrent.py:504"
4,7652,"v_lshlrev_b32_e32 v12, 2, v50",8,32,0,0,"/sgl-workspace/sglang/python/sglang/kernels/ops/attention/fla/fused_recurrent.py:491"
4,7656,"v_lshlrev_b32_e32 v50, 2, v54",8,32,0,0,"/sgl-workspace/sglang/python/sglang/kernels/ops/attention/fla/fused_recurrent.py:491"
4,7660,"v_lshlrev_b32_e32 v74, 2, v48",8,32,0,0,"/sgl-workspace/sglang/python/sglang/kernels/ops/attention/fla/fused_recurrent.py:504"
4,7664,"v_cndmask_b32_e32 v111, v106, v50, vcc",8,32,0,0,"/sgl-workspace/sglang/python/sglang/kernels/ops/attention/fla/fused_recurrent.py:491"
4,7668,"v_lshlrev_b32_e32 v50, 2, v55",8,32,0,0,"/sgl-workspace/sglang/python/sglang/kernels/ops/attention/fla/fused_recurrent.py:491"
4,7672,"v_xor_b32_e32 v69, 4, v74",8,32,0,0,"/sgl-workspace/sglang/python/sglang/kernels/ops/attention/fla/fused_recurrent.py:504"
4,7676,"v_cndmask_b32_e32 v110, v106, v50, vcc",8,32,0,0,"/sgl-workspace/sglang/python/sglang/kernels/ops/attention/fla/fused_recurrent.py:491"
4,7680,"v_lshlrev_b32_e32 v50, 2, v57",8,32,0,0,"/sgl-workspace/sglang/python/sglang/kernels/ops/attention/fla/fused_recurrent.py:491"
4,7684,"v_lshlrev_b32_e32 v48, 2, v59",8,32,0,0,"/sgl-workspace/sglang/python/sglang/kernels/ops/attention/fla/fused_recurrent.py:491"
4,7688,"v_cndmask_b32_e32 v115, v106, v12, vcc",8,32,0,0,"/sgl-workspace/sglang/python/sglang/kernels/ops/attention/fla/fused_recurrent.py:491"
4,7692,"v_lshlrev_b32_e32 v12, 2, v51",8,32,0,0,"/sgl-workspace/sglang/python/sglang/kernels/ops/attention/fla/fused_recurrent.py:491"
4,7696,"v_lshlrev_b32_e32 v8, 2, v33",8,32,0,0,"/sgl-workspace/sglang/python/sglang/kernels/ops/attention/fla/fused_recurrent.py:491"
4,7700,"v_lshlrev_b32_e32 v17, 2, v37",8,32,0,0,"/sgl-workspace/sglang/python/sglang/kernels/ops/attention/fla/fused_recurrent.py:491"
4,7704,"v_cndmask_b32_e32 v114, v106, v12, vcc",8,32,0,0,"/sgl-workspace/sglang/python/sglang/kernels/ops/attention/fla/fused_recurrent.py:491"
4,7708,"v_lshlrev_b32_e32 v12, 2, v52",8,32,0,0,"/sgl-workspace/sglang/python/sglang/kernels/ops/attention/fla/fused_recurrent.py:491"
4,7712,"v_cndmask_b32_e32 v105, v106, v0, vcc",8,32,0,0,"/sgl-workspace/sglang/python/sglang/kernels/ops/attention/fla/fused_recurrent.py:491"
4,7716,"v_lshlrev_b32_e32 v0, 2, v3",8,32,0,0,"/sgl-workspace/sglang/python/sglang/kernels/ops/attention/fla/fused_recurrent.py:491"
4,7720,"v_cndmask_b32_e32 v95, v106, v8, vcc",8,32,0,0,"/sgl-workspace/sglang/python/sglang/kernels/ops/attention/fla/fused_recurrent.py:491"
4,7724,"v_lshlrev_b32_e32 v8, 2, v34",8,32,0,0,"/sgl-workspace/sglang/python/sglang/kernels/ops/attention/fla/fused_recurrent.py:491"
4,7728,"v_cndmask_b32_e32 v109, v106, v17, vcc",8,32,0,0,"/sgl-workspace/sglang/python/sglang/kernels/ops/attention/fla/fused_recurrent.py:491"
4,7732,"v_lshlrev_b32_e32 v17, 2, v38",8,32,0,0,"/sgl-workspace/sglang/python/sglang/kernels/ops/attention/fla/fused_recurrent.py:491"
4,7736,"v_cndmask_b32_e32 v113, v106, v12, vcc",8,32,0,0,"/sgl-workspace/sglang/python/sglang/kernels/ops/attention/fla/fused_recurrent.py:491"
4,7740,"s_waitcnt vmcnt(19)",8,84,84,0,"/sgl-workspace/sglang/python/sglang/kernels/ops/attention/fla/fused_recurrent.py:504"
4,7744,"ds_bpermute_b32 v57, v74, v56",8,56,0,24,"/sgl-workspace/sglang/python/sglang/kernels/ops/attention/fla/fused_recurrent.py:504"
4,7752,"ds_bpermute_b32 v61, v69, v56",8,56,0,8,"/sgl-workspace/sglang/python/sglang/kernels/ops/attention/fla/fused_recurrent.py:504"
4,7760,"v_lshlrev_b32_e32 v12, 2, v53",8,32,0,8,"/sgl-workspace/sglang/python/sglang/kernels/ops/attention/fla/fused_recurrent.py:491"
4,7764,"v_cndmask_b32_e32 v104, v106, v0, vcc",8,32,0,0,"/sgl-workspace/sglang/python/sglang/kernels/ops/attention/fla/fused_recurrent.py:491"
4,7768,"v_cndmask_b32_e32 v93, v106, v8, vcc",8,32,0,0,"/sgl-workspace/sglang/python/sglang/kernels/ops/attention/fla/fused_recurrent.py:491"
4,7772,"v_cndmask_b32_e32 v116, v106, v17, vcc",8,32,0,0,"/sgl-workspace/sglang/python/sglang/kernels/ops/attention/fla/fused_recurrent.py:491"
4,7776,"s_waitcnt lgkmcnt(0)",8,288,288,0,"/sgl-workspace/sglang/python/sglang/kernels/ops/attention/fla/fused_recurrent.py:504"
4,7780,"v_cndmask_b32_e64 v59, v61, v57, s[18:19]",8,32,0,0,"/sgl-workspace/sglang/python/sglang/kernels/ops/attention/fla/fused_recurrent.py:504"
4,7788,"v_cndmask_b32_e64 v57, v57, v61, s[18:19]",8,32,0,0,"/sgl-workspace/sglang/python/sglang/kernels/ops/attention/fla/fused_recurrent.py:504"
4,7796,"v_and_b32_e32 v68, 0xffff0000, v57",8,32,0,0,"/sgl-workspace/sglang/python/sglang/kernels/ops/attention/fla/fused_recurrent.py:497"
4,7804,"v_lshlrev_b32_e32 v100, 16, v57",8,32,0,0,"/sgl-workspace/sglang/python/sglang/kernels/ops/attention/fla/fused_recurrent.py:497"
4,7808,"v_and_b32_e32 v67, 0xffff0000, v59",8,32,0,0,"/sgl-workspace/sglang/python/sglang/kernels/ops/attention/fla/fused_recurrent.py:497"
4,7816,"v_lshlrev_b32_e32 v66, 16, v59",8,32,0,0,"/sgl-workspace/sglang/python/sglang/kernels/ops/attention/fla/fused_recurrent.py:497"
4,7820,"v_cndmask_b32_e32 v112, v106, v12, vcc",8,32,0,0,"/sgl-workspace/sglang/python/sglang/kernels/ops/attention/fla/fused_recurrent.py:491"
4,7824,"v_cndmask_b32_e32 v107, v106, v50, vcc",8,32,0,0,"/sgl-workspace/sglang/python/sglang/kernels/ops/attention/fla/fused_recurrent.py:491"
4,7828,"v_cndmask_b32_e32 v108, v106, v48, vcc",8,32,0,0,"/sgl-workspace/sglang/python/sglang/kernels/ops/attention/fla/fused_recurrent.py:491"
4,7832,"s_waitcnt vmcnt(18)",8,144,144,0,"/sgl-workspace/sglang/python/sglang/kernels/ops/attention/fla/fused_recurrent.py:503"
4,7836,"ds_bpermute_b32 v61, v74, v65",8,56,0,28,"/sgl-workspace/sglang/python/sglang/kernels/ops/attention/fla/fused_recurrent.py:503"
4,7844,"ds_bpermute_b32 v70, v69, v65",8,56,0,8,"/sgl-workspace/sglang/python/sglang/kernels/ops/attention/fla/fused_recurrent.py:503"
4,7852,"s_mulk_i32 s6, 0x600",8,32,0,8,"/sgl-workspace/sglang/python/sglang/kernels/ops/attention/fla/fused_recurrent.py:507"
4,7856,"s_waitcnt vmcnt(15)",8,544,544,0,"/sgl-workspace/sglang/python/sglang/kernels/ops/attention/fla/fused_recurrent.py:499"
4,7860,"v_lshlrev_b32_e32 v79, 16, v63",8,32,0,0,"/sgl-workspace/sglang/python/sglang/kernels/ops/attention/fla/fused_recurrent.py:499"
4,7864,"v_and_b32_e32 v63, 0xffff0000, v56",8,32,0,0,"/sgl-workspace/sglang/python/sglang/kernels/ops/attention/fla/fused_recurrent.py:497"
4,7872,"s_waitcnt vmcnt(13)",8,32,32,0,"/sgl-workspace/sglang/python/sglang/kernels/ops/attention/fla/fused_recurrent.py:499"
4,7876,"v_lshlrev_b32_e32 v97, 16, v76",8,32,0,0,"/sgl-workspace/sglang/python/sglang/kernels/ops/attention/fla/fused_recurrent.py:499"
4,7880,"s_waitcnt lgkmcnt(0)",8,176,176,0,"/sgl-workspace/sglang/python/sglang/kernels/ops/attention/fla/fused_recurrent.py:503"
4,7884,"v_cndmask_b32_e64 v57, v70, v61, s[18:19]",8,32,0,0,"/sgl-workspace/sglang/python/sglang/kernels/ops/attention/fla/fused_recurrent.py:503"
4,7892,"v_cndmask_b32_e64 v61, v61, v70, s[18:19]",8,32,0,0,"/sgl-workspace/sglang/python/sglang/kernels/ops/attention/fla/fused_recurrent.py:503"
4,7900,"v_and_b32_e32 v72, 0xffff0000, v61",8,32,0,0,"/sgl-workspace/sglang/python/sglang/kernels/ops/attention/fla/fused_recurrent.py:498"
4,7908,"v_lshlrev_b32_e32 v70, 16, v61",8,32,0,0,"/sgl-workspace/sglang/python/sglang/kernels/ops/attention/fla/fused_recurrent.py:498"
4,7912,"v_lshlrev_b32_e32 v61, 16, v60",8,32,0,0,"/sgl-workspace/sglang/python/sglang/kernels/ops/attention/fla/fused_recurrent.py:499"
4,7916,"v_lshlrev_b32_e32 v60, 16, v62",8,32,0,0,"/sgl-workspace/sglang/python/sglang/kernels/ops/attention/fla/fused_recurrent.py:499"
4,7920,"v_lshlrev_b32_e32 v62, 16, v56",8,32,0,0,"/sgl-workspace/sglang/python/sglang/kernels/ops/attention/fla/fused_recurrent.py:497"
4,7924,"v_and_b32_e32 v59, 0xffff0000, v57",8,32,0,0,"/sgl-workspace/sglang/python/sglang/kernels/ops/attention/fla/fused_recurrent.py:498"
4,7932,"v_lshlrev_b32_e32 v80, 16, v57",8,32,0,0,"/sgl-workspace/sglang/python/sglang/kernels/ops/attention/fla/fused_recurrent.py:498"
4,7936,"v_pk_mul_f32 v[56:57], v[62:63], v[62:63]",8,32,0,0,"/sgl-workspace/sglang/python/sglang/kernels/ops/attention/fla/fused_recurrent.py:502"
4,7944,"v_lshlrev_b32_e32 v78, 16, v64",8,32,0,0,"/sgl-workspace/sglang/python/sglang/kernels/ops/attention/fla/fused_recurrent.py:499"
4,7948,"v_add_f32_e32 v56, v56, v57",8,32,0,0,"/sgl-workspace/triton-custom/python/triton/language/standard.py:263"
4,7952,"s_waitcnt vmcnt(11)",8,32,32,0,"/sgl-workspace/sglang/python/sglang/kernels/ops/attention/fla/fused_recurrent.py:499"
4,7956,"v_lshlrev_b32_e32 v91, 16, v81",8,32,0,0,"/sgl-workspace/sglang/python/sglang/kernels/ops/attention/fla/fused_recurrent.py:499"
4,7960,"v_mov_b32_e32 v81, 0x358637bd",8,32,0,0,"/sgl-workspace/sglang/python/sglang/kernels/ops/attention/fla/fused_recurrent.py:502"
4,7968,"v_add_f32_dpp v56, v56, v56 row_shr:8 row_mask:0xf bank_mask:0xf bound_ctrl:1",8,32,0,0,"/sgl-workspace/triton-custom/python/triton/language/standard.py:263"
4,7976,"v_lshlrev_b32_e32 v96, 16, v77",8,32,0,0,"/sgl-workspace/sglang/python/sglang/kernels/ops/attention/fla/fused_recurrent.py:499"
4,7980,"s_waitcnt vmcnt(8)",8,32,32,0,"/sgl-workspace/sglang/python/sglang/kernels/ops/attention/fla/fused_recurrent.py:499"
4,7984,"v_lshlrev_b32_e32 v88, 16, v84",8,32,0,0,"/sgl-workspace/sglang/python/sglang/kernels/ops/attention/fla/fused_recurrent.py:499"
4,7988,"v_add_f32_dpp v56, v56, v56 row_shr:4 row_mask:0xf bank_mask:0xf bound_ctrl:1",8,32,0,0,"/sgl-workspace/triton-custom/python/triton/language/standard.py:263"
4,7996,"v_lshlrev_b32_e32 v89, 16, v83",8,32,0,0,"/sgl-workspace/sglang/python/sglang/kernels/ops/attention/fla/fused_recurrent.py:499"
4,8000,"s_waitcnt vmcnt(7)",8,32,32,0,"/sgl-workspace/sglang/python/sglang/kernels/ops/attention/fla/fused_recurrent.py:499"
4,8004,"v_lshlrev_b32_e32 v83, 16, v85",8,32,0,0,"/sgl-workspace/sglang/python/sglang/kernels/ops/attention/fla/fused_recurrent.py:499"
4,8008,"v_add_f32_dpp v56, v56, v56 row_shr:2 row_mask:0xf bank_mask:0xf bound_ctrl:1",8,32,0,0,"/sgl-workspace/triton-custom/python/triton/language/standard.py:263"
4,8016,"v_lshlrev_b32_e32 v90, 16, v82",8,32,0,0,"/sgl-workspace/sglang/python/sglang/kernels/ops/attention/fla/fused_recurrent.py:499"
4,8020,"s_add_i32 s6, s6, s1",8,32,0,0,"/sgl-workspace/sglang/python/sglang/kernels/ops/attention/fla/fused_recurrent.py:507"
4,8024,"v_add_f32_dpp v56, v56, v56 row_shr:1 row_mask:0xf bank_mask:0xf bound_ctrl:1",8,32,0,0,"/sgl-workspace/triton-custom/python/triton/language/standard.py:263"
4,8032,"v_mov_b32_e32 v57, v56",8,32,0,0,"/sgl-workspace/triton-custom/python/triton/language/standard.py:293"
4,8036,"s_waitcnt vmcnt(4)",8,32,32,0,"/sgl-workspace/sglang/python/sglang/kernels/ops/attention/fla/fused_recurrent.py:499"
4,8040,"v_lshlrev_b32_e32 v82, 16, v86",8,32,0,0,"/sgl-workspace/sglang/python/sglang/kernels/ops/attention/fla/fused_recurrent.py:499"
4,8044,"s_and_b32 s5, s5, 0xffff",8,32,0,0,"/sgl-workspace/sglang/python/sglang/kernels/ops/attention/fla/fused_recurrent.py:509"
4,8052,"v_mov_b32_dpp v57, v57 row_bcast:15 row_mask:0xa bank_mask:0xf bound_ctrl:1",8,32,0,0,"/sgl-workspace/triton-custom/python/triton/language/standard.py:293"
4,8060,"v_add_f32_e32 v56, v56, v57",8,32,0,0,"/sgl-workspace/triton-custom/python/triton/language/standard.py:263"
4,8064,"s_waitcnt vmcnt(3)",8,32,32,0,"/sgl-workspace/sglang/python/sglang/kernels/ops/attention/fla/fused_recurrent.py:499"
4,8068,"v_lshlrev_b32_e32 v57, 16, v92",8,32,0,0,"/sgl-workspace/sglang/python/sglang/kernels/ops/attention/fla/fused_recurrent.py:499"
4,8072,"s_and_b32 s29, s29, 0xffff",8,32,0,0,"/sgl-workspace/sglang/python/sglang/kernels/ops/attention/fla/fused_recurrent.py:510"
4,8080,"v_add_f32_dpp v56, v56, v56 row_bcast:31 row_mask:0xf bank_mask:0xf bound_ctrl:1",8,32,0,0,"/sgl-workspace/triton-custom/python/triton/language/standard.py:263"
4,8088,"s_mov_b32 s30, s26",8,32,0,0,"/sgl-workspace/sglang/python/sglang/kernels/ops/attention/fla/fused_recurrent.py:510"
4,8092,"v_readlane_b32 s7, v56, 63",8,32,0,0,"/sgl-workspace/triton-custom/python/triton/language/standard.py:293"
4,8100,"s_mov_b32 s31, s27",8,32,0,128,"/sgl-workspace/sglang/python/sglang/kernels/ops/attention/fla/fused_recurrent.py:510"
4,8104,"s_waitcnt vmcnt(1)",8,32,32,0,"/sgl-workspace/sglang/python/sglang/kernels/ops/attention/fla/fused_recurrent.py:499"
4,8108,"v_lshlrev_b32_e32 v63, 16, v98",8,32,0,0,"/sgl-workspace/sglang/python/sglang/kernels/ops/attention/fla/fused_recurrent.py:499"
4,8112,"v_add_f32_e32 v56, s7, v81",8,32,0,0,"/sgl-workspace/sglang/python/sglang/kernels/ops/attention/fla/fused_recurrent.py:502"
4,8116,"v_sqrt_f32_e32 v76, v56",8,52,0,0,"/sgl-workspace/sglang/python/sglang/kernels/ops/attention/fla/fused_recurrent.py:502"
4,8120,"v_lshlrev_b32_e32 v56, 16, v94",8,32,0,12,"/sgl-workspace/sglang/python/sglang/kernels/ops/attention/fla/fused_recurrent.py:499"
4,8124,"s_waitcnt vmcnt(0)",8,32,32,0,"/sgl-workspace/sglang/python/sglang/kernels/ops/attention/fla/fused_recurrent.py:499"
4,8128,"v_lshlrev_b32_e32 v62, 16, v99",8,32,0,0,"/sgl-workspace/sglang/python/sglang/kernels/ops/attention/fla/fused_recurrent.py:499"
4,8132,"v_mov_b32_e32 v101, 0x42800000",8,32,0,0,"/sgl-workspace/sglang/python/sglang/kernels/ops/attention/fla/fused_recurrent.py:517"
4,8140,"v_div_scale_f32 v64, s[16:17], v76, v76, v100",8,32,0,0,"/sgl-workspace/sglang/python/sglang/kernels/ops/attention/fla/fused_recurrent.py:502"
4,8148,"v_rcp_f32_e32 v77, v64",8,52,0,0,"/sgl-workspace/sglang/python/sglang/kernels/ops/attention/fla/fused_recurrent.py:502"
4,8152,"v_mov_b32_e32 v102, 0",8,32,0,12,"/sgl-workspace/sglang/python/sglang/kernels/ops/attention/fla/fused_recurrent.py:523"
4,8156,"buffer_load_dwordx4 v[48:51], v107, s[24:27], 0 offen",8,96,64,64,"/sgl-workspace/sglang/python/sglang/kernels/ops/attention/fla/fused_recurrent.py:491"
4,8164,"buffer_load_dwordx4 v[52:55], v108, s[24:27], 0 offen",8,32,0,0,"/sgl-workspace/sglang/python/sglang/kernels/ops/attention/fla/fused_recurrent.py:491"
4,8172,"buffer_load_dwordx4 v[0:3], v105, s[24:27], 0 offen",8,32,0,0,"/sgl-workspace/sglang/python/sglang/kernels/ops/attention/fla/fused_recurrent.py:491"
4,8180,"buffer_load_dwordx4 v[4:7], v104, s[24:27], 0 offen",8,40,0,0,"/sgl-workspace/sglang/python/sglang/kernels/ops/attention/fla/fused_recurrent.py:491"
4,8188,"v_fma_f32 v84, -v64, v77, 1.0",8,32,0,1024,"/sgl-workspace/sglang/python/sglang/kernels/ops/attention/fla/fused_recurrent.py:502"
4,8196,"v_fmac_f32_e32 v77, v84, v77",8,32,0,0,"/sgl-workspace/sglang/python/sglang/kernels/ops/attention/fla/fused_recurrent.py:502"
4,8200,"v_div_scale_f32 v84, vcc, v100, v76, v100",8,32,0,0,"/sgl-workspace/sglang/python/sglang/kernels/ops/attention/fla/fused_recurrent.py:502"
4,8208,"v_mul_f32_e32 v85, v84, v77",8,32,0,0,"/sgl-workspace/sglang/python/sglang/kernels/ops/attention/fla/fused_recurrent.py:502"
4,8212,"v_fma_f32 v86, -v64, v85, v84",8,32,0,0,"/sgl-workspace/sglang/python/sglang/kernels/ops/attention/fla/fused_recurrent.py:502"
4,8220,"v_fmac_f32_e32 v85, v86, v77",8,32,0,0,"/sgl-workspace/sglang/python/sglang/kernels/ops/attention/fla/fused_recurrent.py:502"
4,8224,"v_div_scale_f32 v86, s[16:17], v76, v76, v68",8,32,0,0,"/sgl-workspace/sglang/python/sglang/kernels/ops/attention/fla/fused_recurrent.py:502"
4,8232,"v_rcp_f32_e32 v92, v86",8,52,0,0,"/sgl-workspace/sglang/python/sglang/kernels/ops/attention/fla/fused_recurrent.py:502"
4,8236,"v_fma_f32 v64, -v64, v85, v84",8,32,0,12,"/sgl-workspace/sglang/python/sglang/kernels/ops/attention/fla/fused_recurrent.py:502"
4,8244,"v_div_fmas_f32 v64, v64, v77, v85",8,32,0,0,"/sgl-workspace/sglang/python/sglang/kernels/ops/attention/fla/fused_recurrent.py:502"
4,8252,"v_div_fixup_f32 v77, v64, v76, v100",8,32,0,0,"/sgl-workspace/sglang/python/sglang/kernels/ops/attention/fla/fused_recurrent.py:502"
4,8260,"v_fma_f32 v64, -v86, v92, 1.0",8,32,0,0,"/sgl-workspace/sglang/python/sglang/kernels/ops/attention/fla/fused_recurrent.py:502"
4,8268,"v_fmac_f32_e32 v92, v64, v92",8,32,0,0,"/sgl-workspace/sglang/python/sglang/kernels/ops/attention/fla/fused_recurrent.py:502"
4,8272,"v_lshlrev_b32_e32 v64, 16, v65",8,32,0,0,"/sgl-workspace/sglang/python/sglang/kernels/ops/attention/fla/fused_recurrent.py:498"
4,8276,"v_and_b32_e32 v65, 0xffff0000, v65",8,32,0,0,"/sgl-workspace/sglang/python/sglang/kernels/ops/attention/fla/fused_recurrent.py:498"
4,8284,"v_pk_mul_f32 v[64:65], v[64:65], v[64:65]",8,32,0,0,"/sgl-workspace/sglang/python/sglang/kernels/ops/attention/fla/fused_recurrent.py:503"
4,8292,"v_div_scale_f32 v85, vcc, v68, v76, v68",8,32,0,0,"/sgl-workspace/sglang/python/sglang/kernels/ops/attention/fla/fused_recurrent.py:502"
4,8300,"v_add_f32_e32 v64, v64, v65",8,32,0,0,"/sgl-workspace/triton-custom/python/triton/language/standard.py:263"
4,8304,"v_mul_f32_e32 v94, v85, v92",8,32,0,0,"/sgl-workspace/sglang/python/sglang/kernels/ops/attention/fla/fused_recurrent.py:502"
4,8308,"buffer_load_dwordx4 v[8:11], v95, s[24:27], 0 offen",8,48,16,64,"/sgl-workspace/sglang/python/sglang/kernels/ops/attention/fla/fused_recurrent.py:491"
4,8316,"buffer_load_dwordx4 v[20:23], v93, s[24:27], 0 offen",8,32,0,0,"/sgl-workspace/sglang/python/sglang/kernels/ops/attention/fla/fused_recurrent.py:491"
4,8324,"v_add_f32_dpp v64, v64, v64 row_shr:8 row_mask:0xf bank_mask:0xf bound_ctrl:1",8,40,0,0,"/sgl-workspace/triton-custom/python/triton/language/standard.py:263"
4,8332,"buffer_load_dwordx4 v[32:35], v109, s[24:27], 0 offen",8,32,0,56,"/sgl-workspace/sglang/python/sglang/kernels/ops/attention/fla/fused_recurrent.py:491"
4,8340,"buffer_load_dwordx4 v[36:39], v116, s[24:27], 0 offen",8,32,0,0,"/sgl-workspace/sglang/python/sglang/kernels/ops/attention/fla/fused_recurrent.py:491"
4,8348,"v_add_f32_dpp v64, v64, v64 row_shr:4 row_mask:0xf bank_mask:0xf bound_ctrl:1",8,32,0,0,"/sgl-workspace/triton-custom/python/triton/language/standard.py:263"
4,8356,"buffer_load_dwordx4 v[24:27], v115, s[24:27], 0 offen",8,32,0,64,"/sgl-workspace/sglang/python/sglang/kernels/ops/attention/fla/fused_recurrent.py:491"
4,8364,"buffer_load_dwordx4 v[28:31], v114, s[24:27], 0 offen",8,32,0,0,"/sgl-workspace/sglang/python/sglang/kernels/ops/attention/fla/fused_recurrent.py:491"
4,8372,"v_add_f32_dpp v64, v64, v64 row_shr:2 row_mask:0xf bank_mask:0xf bound_ctrl:1",8,40,0,0,"/sgl-workspace/triton-custom/python/triton/language/standard.py:263"
4,8380,"buffer_load_dwordx4 v[12:15], v113, s[24:27], 0 offen",8,32,0,56,"/sgl-workspace/sglang/python/sglang/kernels/ops/attention/fla/fused_recurrent.py:491"
4,8388,"buffer_load_dwordx4 v[16:19], v112, s[24:27], 0 offen",8,32,0,0,"/sgl-workspace/sglang/python/sglang/kernels/ops/attention/fla/fused_recurrent.py:491"
4,8396,"v_add_f32_dpp v64, v64, v64 row_shr:1 row_mask:0xf bank_mask:0xf bound_ctrl:1",8,32,0,0,"/sgl-workspace/triton-custom/python/triton/language/standard.py:263"
4,8404,"v_mov_b32_e32 v65, v64",8,32,0,0,"/sgl-workspace/triton-custom/python/triton/language/standard.py:293"
4,8408,"s_nop 1",8,64,64,0,"/sgl-workspace/triton-custom/python/triton/language/standard.py:293"
4,8412,"v_mov_b32_dpp v65, v65 row_bcast:15 row_mask:0xa bank_mask:0xf bound_ctrl:1",8,32,0,0,"/sgl-workspace/triton-custom/python/triton/language/standard.py:293"
4,8420,"v_add_f32_e32 v64, v64, v65",8,32,0,0,"/sgl-workspace/triton-custom/python/triton/language/standard.py:263"
4,8424,"s_nop 1",8,64,64,0,"/sgl-workspace/triton-custom/python/triton/language/standard.py:263"
4,8428,"v_add_f32_dpp v64, v64, v64 row_bcast:31 row_mask:0xf bank_mask:0xf bound_ctrl:1",8,32,0,0,"/sgl-workspace/triton-custom/python/triton/language/standard.py:263"
4,8436,"s_nop 0",8,32,32,0,"/sgl-workspace/triton-custom/python/triton/language/standard.py:293"
4,8440,"v_readlane_b32 s7, v64, 63",8,32,0,0,"/sgl-workspace/triton-custom/python/triton/language/standard.py:293"
4,8448,"s_nop 1",8,64,64,0,"/sgl-workspace/sglang/python/sglang/kernels/ops/attention/fla/fused_recurrent.py:503"
4,8452,"v_add_f32_e32 v64, s7, v81",8,32,0,0,"/sgl-workspace/sglang/python/sglang/kernels/ops/attention/fla/fused_recurrent.py:503"
4,8456,"v_sqrt_f32_e32 v84, v64",8,52,0,0,"/sgl-workspace/sglang/python/sglang/kernels/ops/attention/fla/fused_recurrent.py:503"
4,8460,"v_fma_f32 v64, -v86, v94, v85",8,32,0,12,"/sgl-workspace/sglang/python/sglang/kernels/ops/attention/fla/fused_recurrent.py:502"
4,8468,"v_fmac_f32_e32 v94, v64, v92",8,32,0,0,"/sgl-workspace/sglang/python/sglang/kernels/ops/attention/fla/fused_recurrent.py:502"
4,8472,"v_or_b32_e32 v64, s6, v58",8,32,0,0,"/sgl-workspace/sglang/python/sglang/kernels/ops/attention/fla/fused_recurrent.py:507"
4,8476,"v_or_b32_e32 v58, s1, v58",8,32,0,0,"/sgl-workspace/sglang/python/sglang/kernels/ops/attention/fla/fused_recurrent.py:508"
4,8480,"s_mov_b32 s6, s26",8,32,0,0,"/sgl-workspace/sglang/python/sglang/kernels/ops/attention/fla/fused_recurrent.py:509"
4,8484,"s_mov_b32 s7, s27",8,32,0,0,"/sgl-workspace/sglang/python/sglang/kernels/ops/attention/fla/fused_recurrent.py:509"
4,8488,"v_lshlrev_b32_e32 v64, 1, v64",8,32,0,0,"/sgl-workspace/sglang/python/sglang/kernels/ops/attention/fla/fused_recurrent.py:509"
4,8492,"buffer_load_dword v100, v64, s[4:7], 0 offen",8,32,0,64,"/sgl-workspace/sglang/python/sglang/kernels/ops/attention/fla/fused_recurrent.py:509"
4,8500,"v_lshlrev_b32_e32 v58, 2, v58",8,40,0,0,"/sgl-workspace/sglang/python/sglang/kernels/ops/attention/fla/fused_recurrent.py:510"
4,8504,"buffer_load_dwordx2 v[64:65], v58, s[28:31], 0 offen",8,32,0,56,"/sgl-workspace/sglang/python/sglang/kernels/ops/attention/fla/fused_recurrent.py:510"
4,8512,"v_div_scale_f32 v98, s[16:17], v84, v84, v59",8,32,0,0,"/sgl-workspace/sglang/python/sglang/kernels/ops/attention/fla/fused_recurrent.py:503"
4,8520,"v_rcp_f32_e32 v99, v98",8,52,0,0,"/sgl-workspace/sglang/python/sglang/kernels/ops/attention/fla/fused_recurrent.py:503"
4,8524,"v_fma_f32 v58, -v86, v94, v85",8,32,0,12,"/sgl-workspace/sglang/python/sglang/kernels/ops/attention/fla/fused_recurrent.py:502"
4,8532,"v_div_fmas_f32 v81, v58, v92, v94",8,32,0,0,"/sgl-workspace/sglang/python/sglang/kernels/ops/attention/fla/fused_recurrent.py:502"
4,8540,"s_ashr_i32 s1, s0, 31",8,32,0,0,"/sgl-workspace/sglang/python/sglang/kernels/ops/attention/fla/fused_recurrent.py:511"
4,8544,"v_fma_f32 v58, -v98, v99, 1.0",8,32,0,0,"/sgl-workspace/sglang/python/sglang/kernels/ops/attention/fla/fused_recurrent.py:503"
4,8552,"v_fmac_f32_e32 v99, v58, v99",8,32,0,0,"/sgl-workspace/sglang/python/sglang/kernels/ops/attention/fla/fused_recurrent.py:503"
4,8556,"v_div_scale_f32 v58, vcc, v59, v84, v59",8,32,0,0,"/sgl-workspace/sglang/python/sglang/kernels/ops/attention/fla/fused_recurrent.py:503"
4,8564,"v_mul_f32_e32 v85, v58, v99",8,32,0,0,"/sgl-workspace/sglang/python/sglang/kernels/ops/attention/fla/fused_recurrent.py:503"
4,8568,"v_fma_f32 v86, -v98, v85, v58",8,32,0,0,"/sgl-workspace/sglang/python/sglang/kernels/ops/attention/fla/fused_recurrent.py:503"
4,8576,"v_fmac_f32_e32 v85, v86, v99",8,32,0,0,"/sgl-workspace/sglang/python/sglang/kernels/ops/attention/fla/fused_recurrent.py:503"
4,8580,"v_div_scale_f32 v86, s[4:5], v84, v84, v80",8,32,0,0,"/sgl-workspace/sglang/python/sglang/kernels/ops/attention/fla/fused_recurrent.py:503"
4,8588,"v_rcp_f32_e32 v92, v86",8,52,0,0,"/sgl-workspace/sglang/python/sglang/kernels/ops/attention/fla/fused_recurrent.py:503"
4,8592,"s_lshl_b64 s[0:1], s[0:1], 2",8,32,0,76,"/sgl-workspace/sglang/python/sglang/kernels/ops/attention/fla/fused_recurrent.py:511"
4,8596,"v_fma_f32 v58, -v98, v85, v58",8,32,0,0,"/sgl-workspace/sglang/python/sglang/kernels/ops/attention/fla/fused_recurrent.py:503"
4,8604,"s_add_u32 s0, s8, s0",8,32,0,0,"/sgl-workspace/sglang/python/sglang/kernels/ops/attention/fla/fused_recurrent.py:511"
4,8608,"v_div_fmas_f32 v58, v58, v99, v85",8,32,0,0,"/sgl-workspace/sglang/python/sglang/kernels/ops/attention/fla/fused_recurrent.py:503"
4,8616,"s_addc_u32 s1, s9, s1",8,32,0,0,"/sgl-workspace/sglang/python/sglang/kernels/ops/attention/fla/fused_recurrent.py:511"
4,8620,"v_div_fixup_f32 v59, v58, v84, v59",8,32,0,0,"/sgl-workspace/sglang/python/sglang/kernels/ops/attention/fla/fused_recurrent.py:503"
4,8628,"v_fma_f32 v58, -v86, v92, 1.0",8,32,0,0,"/sgl-workspace/sglang/python/sglang/kernels/ops/attention/fla/fused_recurrent.py:503"
4,8636,"s_load_dword s5, s[0:1], 0x0",8,32,0,0,"/sgl-workspace/sglang/python/sglang/kernels/ops/attention/fla/fused_recurrent.py:511"
4,8644,"v_fmac_f32_e32 v92, v58, v92",8,32,0,0,"/sgl-workspace/sglang/python/sglang/kernels/ops/attention/fla/fused_recurrent.py:503"
4,8648,"v_div_scale_f32 v58, vcc, v80, v84, v80",8,32,0,0,"/sgl-workspace/sglang/python/sglang/kernels/ops/attention/fla/fused_recurrent.py:503"
4,8656,"v_mul_f32_e32 v85, v58, v92",8,32,0,0,"/sgl-workspace/sglang/python/sglang/kernels/ops/attention/fla/fused_recurrent.py:503"
4,8660,"v_fma_f32 v94, -v86, v85, v58",8,32,0,0,"/sgl-workspace/sglang/python/sglang/kernels/ops/attention/fla/fused_recurrent.py:503"
4,8668,"v_fmac_f32_e32 v85, v94, v92",8,32,0,0,"/sgl-workspace/sglang/python/sglang/kernels/ops/attention/fla/fused_recurrent.py:503"
4,8672,"v_mov_b32_e32 v98, 0x3fb8aa3b",8,32,0,0,"/sgl-workspace/sglang/python/sglang/kernels/ops/attention/fla/fused_recurrent.py:517"
4,8680,"v_fma_f32 v58, -v86, v85, v58",8,32,0,0,"/sgl-workspace/sglang/python/sglang/kernels/ops/attention/fla/fused_recurrent.py:503"
4,8688,"v_div_scale_f32 v86, s[0:1], v84, v84, v70",8,32,0,0,"/sgl-workspace/sglang/python/sglang/kernels/ops/attention/fla/fused_recurrent.py:503"
4,8696,"s_waitcnt lgkmcnt(0)",8,1668,1668,0,"/sgl-workspace/sglang/python/sglang/kernels/ops/attention/fla/fused_recurrent.py:517"
4,8700,"v_mul_f32_e32 v99, s5, v98",8,32,0,0,"/sgl-workspace/sglang/python/sglang/kernels/ops/attention/fla/fused_recurrent.py:517"
4,8704,"s_mov_b32 s4, 0xc2fc0000",8,32,0,0,"/sgl-workspace/sglang/python/sglang/kernels/ops/attention/fla/fused_recurrent.py:517"
4,8712,"v_cmp_gt_f32_e64 s[0:1], s4, v99",8,32,0,0,"/sgl-workspace/sglang/python/sglang/kernels/ops/attention/fla/fused_recurrent.py:517"
4,8720,"v_rcp_f32_e32 v94, v86",8,52,0,0,"/sgl-workspace/sglang/python/sglang/kernels/ops/attention/fla/fused_recurrent.py:503"
4,8724,"v_div_fmas_f32 v58, v58, v92, v85",8,32,0,12,"/sgl-workspace/sglang/python/sglang/kernels/ops/attention/fla/fused_recurrent.py:503"
4,8732,"v_cndmask_b32_e64 v99, 0, v101, s[0:1]",8,32,0,0,"/sgl-workspace/sglang/python/sglang/kernels/ops/attention/fla/fused_recurrent.py:517"
4,8740,"s_and_b64 s[0:1], s[0:1], exec",8,32,0,0,"/sgl-workspace/sglang/python/sglang/kernels/ops/attention/fla/fused_recurrent.py:517"
4,8744,"s_cselect_b32 s6, 0xffffffc0, 0",8,32,0,0,"/sgl-workspace/sglang/python/sglang/kernels/ops/attention/fla/fused_recurrent.py:517"
4,8752,"s_ashr_i32 s23, s22, 31",8,32,0,0,"/sgl-workspace/sglang/python/sglang/kernels/ops/attention/fla/fused_recurrent.py:523"
4,8756,"s_lshl_b64 s[0:1], s[22:23], 1",8,32,0,0,"/sgl-workspace/sglang/python/sglang/kernels/ops/attention/fla/fused_recurrent.py:523"
4,8760,"s_add_u32 s0, s10, s0",8,32,0,0,"/sgl-workspace/sglang/python/sglang/kernels/ops/attention/fla/fused_recurrent.py:523"
4,8764,"s_addc_u32 s1, s11, s1",8,32,0,0,"/sgl-workspace/sglang/python/sglang/kernels/ops/attention/fla/fused_recurrent.py:523"
4,8768,"global_load_ushort v102, v102, s[0:1]",8,96,64,32,"/sgl-workspace/sglang/python/sglang/kernels/ops/attention/fla/fused_recurrent.py:523"
4,8776,"v_div_fixup_f32 v58, v58, v84, v80",8,32,0,0,"/sgl-workspace/sglang/python/sglang/kernels/ops/attention/fla/fused_recurrent.py:503"
4,8784,"v_fma_f32 v80, -v86, v94, 1.0",8,32,0,0,"/sgl-workspace/sglang/python/sglang/kernels/ops/attention/fla/fused_recurrent.py:503"
4,8792,"v_fmac_f32_e32 v94, v80, v94",8,32,0,0,"/sgl-workspace/sglang/python/sglang/kernels/ops/attention/fla/fused_recurrent.py:503"
4,8796,"v_div_scale_f32 v80, vcc, v70, v84, v70",8,32,0,0,"/sgl-workspace/sglang/python/sglang/kernels/ops/attention/fla/fused_recurrent.py:503"
4,8804,"v_mul_f32_e32 v85, v80, v94",8,32,0,0,"/sgl-workspace/sglang/python/sglang/kernels/ops/attention/fla/fused_recurrent.py:503"
4,8808,"v_fma_f32 v92, -v86, v85, v80",8,32,0,0,"/sgl-workspace/sglang/python/sglang/kernels/ops/attention/fla/fused_recurrent.py:503"
4,8816,"v_fmac_f32_e32 v85, v92, v94",8,32,0,0,"/sgl-workspace/sglang/python/sglang/kernels/ops/attention/fla/fused_recurrent.py:503"
4,8820,"v_fma_f32 v80, -v86, v85, v80",8,32,0,0,"/sgl-workspace/sglang/python/sglang/kernels/ops/attention/fla/fused_recurrent.py:503"
4,8828,"v_div_scale_f32 v86, s[0:1], v84, v84, v72",8,32,0,0,"/sgl-workspace/sglang/python/sglang/kernels/ops/attention/fla/fused_recurrent.py:503"
4,8836,"v_rcp_f32_e32 v92, v86",8,52,0,0,"/sgl-workspace/sglang/python/sglang/kernels/ops/attention/fla/fused_recurrent.py:503"
4,8840,"v_div_fmas_f32 v80, v80, v94, v85",8,32,0,12,"/sgl-workspace/sglang/python/sglang/kernels/ops/attention/fla/fused_recurrent.py:503"
4,8848,"v_div_fixup_f32 v70, v80, v84, v70",8,32,0,0,"/sgl-workspace/sglang/python/sglang/kernels/ops/attention/fla/fused_recurrent.py:503"
4,8856,"v_fmac_f32_e32 v99, s5, v98",8,32,0,0,"/sgl-workspace/sglang/python/sglang/kernels/ops/attention/fla/fused_recurrent.py:517"
4,8860,"v_fma_f32 v80, -v86, v92, 1.0",8,32,0,0,"/sgl-workspace/sglang/python/sglang/kernels/ops/attention/fla/fused_recurrent.py:503"
4,8868,"v_fmac_f32_e32 v92, v80, v92",8,32,0,0,"/sgl-workspace/sglang/python/sglang/kernels/ops/attention/fla/fused_recurrent.py:503"
4,8872,"v_div_scale_f32 v80, vcc, v72, v84, v72",8,32,0,0,"/sgl-workspace/sglang/python/sglang/kernels/ops/attention/fla/fused_recurrent.py:503"
4,8880,"v_mul_f32_e32 v85, v80, v92",8,32,0,0,"/sgl-workspace/sglang/python/sglang/kernels/ops/attention/fla/fused_recurrent.py:503"
4,8884,"v_fma_f32 v94, -v86, v85, v80",8,32,0,0,"/sgl-workspace/sglang/python/sglang/kernels/ops/attention/fla/fused_recurrent.py:503"
4,8892,"v_fmac_f32_e32 v85, v94, v92",8,32,0,0,"/sgl-workspace/sglang/python/sglang/kernels/ops/attention/fla/fused_recurrent.py:503"
4,8896,"v_fma_f32 v80, -v86, v85, v80",8,32,0,0,"/sgl-workspace/sglang/python/sglang/kernels/ops/attention/fla/fused_recurrent.py:503"
4,8904,"v_div_fmas_f32 v80, v80, v92, v85",8,32,0,0,"/sgl-workspace/sglang/python/sglang/kernels/ops/attention/fla/fused_recurrent.py:503"
4,8912,"v_exp_f32_e32 v85, v99",8,52,0,0,"/sgl-workspace/sglang/python/sglang/kernels/ops/attention/fla/fused_recurrent.py:517"
4,8916,"v_div_fixup_f32 v72, v80, v84, v72",8,32,0,12,"/sgl-workspace/sglang/python/sglang/kernels/ops/attention/fla/fused_recurrent.py:503"
4,8924,"s_mov_b32 s5, 0x3fb8aa3b",8,32,0,0,"/sgl-workspace/sglang/python/sglang/kernels/ops/attention/fla/fused_recurrent.py:503"
4,8932,"s_mov_b32 s22, s26",8,32,0,0,"/sgl-workspace/sglang/python/sglang/kernels/ops/attention/fla/fused_recurrent.py:539"
4,8936,"s_mov_b32 s23, s27",8,40,0,0,"/sgl-workspace/sglang/python/sglang/kernels/ops/attention/fla/fused_recurrent.py:539"
4,8940,"s_waitcnt vmcnt(2)",8,32,32,0,"/sgl-workspace/sglang/python/sglang/kernels/ops/attention/fla/fused_recurrent.py:509"
4,8944,"v_and_b32_e32 v80, 0xffff0000, v100",8,32,0,0,"/sgl-workspace/sglang/python/sglang/kernels/ops/attention/fla/fused_recurrent.py:509"
4,8952,"v_lshlrev_b32_e32 v84, 16, v100",8,32,0,0,"/sgl-workspace/sglang/python/sglang/kernels/ops/attention/fla/fused_recurrent.py:509"
4,8956,"s_waitcnt vmcnt(1)",8,32,32,0,"/sgl-workspace/sglang/python/sglang/kernels/ops/attention/fla/fused_recurrent.py:513"
4,8960,"v_add_f32_e32 v64, v64, v84",8,32,0,0,"/sgl-workspace/sglang/python/sglang/kernels/ops/attention/fla/fused_recurrent.py:513"
4,8964,"v_add_f32_e32 v65, v65, v80",8,32,0,0,"/sgl-workspace/sglang/python/sglang/kernels/ops/attention/fla/fused_recurrent.py:513"
4,8968,"v_ldexp_f32 v80, v85, s6",8,32,0,0,"/sgl-workspace/sglang/python/sglang/kernels/ops/attention/fla/fused_recurrent.py:517"
4,8976,"v_fma_f32 v64, -v64, v80, 0",8,32,0,0,"/sgl-workspace/triton-custom/python/triton/language/standard.py:50"
4,8984,"v_mul_f32_e32 v84, 0x3fb8aa3b, v64",8,32,0,0,"/sgl-workspace/triton-custom/python/triton/language/standard.py:50"
4,8992,"v_cmp_gt_f32_e32 vcc, s4, v84",8,32,0,0,"/sgl-workspace/triton-custom/python/triton/language/standard.py:50"
4,8996,"v_fma_f32 v65, -v65, v80, 0",8,32,0,0,"/sgl-workspace/triton-custom/python/triton/language/standard.py:50"
4,9004,"v_not_b32_e32 v80, 63",8,32,0,0,"/sgl-workspace/triton-custom/python/triton/language/standard.py:50"
4,9008,"v_cndmask_b32_e32 v84, 0, v101, vcc",8,32,0,0,"/sgl-workspace/triton-custom/python/triton/language/standard.py:50"
4,9012,"v_fmac_f32_e32 v84, 0x3fb8aa3b, v64",8,32,0,0,"/sgl-workspace/triton-custom/python/triton/language/standard.py:50"
4,9020,"v_exp_f32_e32 v64, v84",8,52,0,0,"/sgl-workspace/triton-custom/python/triton/language/standard.py:50"
4,9024,"v_cndmask_b32_e32 v84, 0, v80, vcc",8,32,0,12,"/sgl-workspace/triton-custom/python/triton/language/standard.py:50"
4,9028,"v_ldexp_f32 v64, v64, v84",8,32,0,0,"/sgl-workspace/triton-custom/python/triton/language/standard.py:50"
4,9036,"v_mul_f32_e32 v84, 0x3fb8aa3b, v65",8,32,0,0,"/sgl-workspace/triton-custom/python/triton/language/standard.py:50"
4,9044,"v_cmp_gt_f32_e32 vcc, s4, v84",8,32,0,0,"/sgl-workspace/triton-custom/python/triton/language/standard.py:50"
4,9048,"v_add_f32_e32 v64, 1.0, v64",8,32,0,0,"/sgl-workspace/triton-custom/python/triton/language/standard.py:50"
4,9052,"s_nop 0",8,32,32,0,"/sgl-workspace/triton-custom/python/triton/language/standard.py:50"
4,9056,"v_cndmask_b32_e32 v84, 0, v101, vcc",8,32,0,0,"/sgl-workspace/triton-custom/python/triton/language/standard.py:50"
4,9060,"v_fmac_f32_e32 v84, 0x3fb8aa3b, v65",8,32,0,0,"/sgl-workspace/triton-custom/python/triton/language/standard.py:50"
4,9068,"v_exp_f32_e32 v65, v84",8,52,0,0,"/sgl-workspace/triton-custom/python/triton/language/standard.py:50"
4,9072,"v_div_scale_f32 v84, s[0:1], v64, v64, 1.0",8,32,0,12,"/sgl-workspace/triton-custom/python/triton/language/standard.py:50"
4,9080,"v_rcp_f32_e32 v85, v84",8,52,0,0,"/sgl-workspace/triton-custom/python/triton/language/standard.py:50"
4,9084,"v_cndmask_b32_e32 v86, 0, v80, vcc",8,32,0,12,"/sgl-workspace/triton-custom/python/triton/language/standard.py:50"
4,9088,"v_ldexp_f32 v65, v65, v86",8,32,0,0,"/sgl-workspace/triton-custom/python/triton/language/standard.py:50"
4,9096,"v_add_f32_e32 v65, 1.0, v65",8,32,0,0,"/sgl-workspace/triton-custom/python/triton/language/standard.py:50"
4,9100,"v_fma_f32 v86, -v84, v85, 1.0",8,32,0,0,"/sgl-workspace/triton-custom/python/triton/language/standard.py:50"
4,9108,"v_fmac_f32_e32 v85, v86, v85",8,32,0,0,"/sgl-workspace/triton-custom/python/triton/language/standard.py:50"
4,9112,"v_div_scale_f32 v86, vcc, 1.0, v64, 1.0",8,32,0,0,"/sgl-workspace/triton-custom/python/triton/language/standard.py:50"
4,9120,"v_mul_f32_e32 v92, v86, v85",8,32,0,0,"/sgl-workspace/triton-custom/python/triton/language/standard.py:50"
4,9124,"v_fma_f32 v94, -v84, v92, v86",8,32,0,0,"/sgl-workspace/triton-custom/python/triton/language/standard.py:50"
4,9132,"v_fmac_f32_e32 v92, v94, v85",8,32,0,0,"/sgl-workspace/triton-custom/python/triton/language/standard.py:50"
4,9136,"v_fma_f32 v84, -v84, v92, v86",8,32,0,0,"/sgl-workspace/triton-custom/python/triton/language/standard.py:50"
4,9144,"v_div_scale_f32 v86, s[0:1], v65, v65, 1.0",8,32,0,0,"/sgl-workspace/triton-custom/python/triton/language/standard.py:50"
4,9152,"v_rcp_f32_e32 v94, v86",8,52,0,0,"/sgl-workspace/triton-custom/python/triton/language/standard.py:50"
4,9156,"v_div_fmas_f32 v84, v84, v85, v92",8,32,0,12,"/sgl-workspace/triton-custom/python/triton/language/standard.py:50"
4,9164,"v_div_fixup_f32 v64, v84, v64, 1.0",8,32,0,0,"/sgl-workspace/triton-custom/python/triton/language/standard.py:50"
4,9172,"v_mul_f32_e32 v64, s15, v64",8,32,0,0,"/sgl-workspace/sglang/python/sglang/kernels/ops/attention/fla/fused_recurrent.py:517"
4,9176,"v_fma_f32 v84, -v86, v94, 1.0",8,32,0,0,"/sgl-workspace/triton-custom/python/triton/language/standard.py:50"
4,9184,"v_fmac_f32_e32 v94, v84, v94",8,32,0,0,"/sgl-workspace/triton-custom/python/triton/language/standard.py:50"
4,9188,"v_div_scale_f32 v84, vcc, 1.0, v65, 1.0",8,32,0,0,"/sgl-workspace/triton-custom/python/triton/language/standard.py:50"
4,9196,"v_mul_f32_e32 v85, v84, v94",8,32,0,0,"/sgl-workspace/triton-custom/python/triton/language/standard.py:50"
4,9200,"v_fma_f32 v92, -v86, v85, v84",8,32,0,0,"/sgl-workspace/triton-custom/python/triton/language/standard.py:50"
4,9208,"v_fmac_f32_e32 v85, v92, v94",8,32,0,0,"/sgl-workspace/triton-custom/python/triton/language/standard.py:50"
4,9212,"v_fma_f32 v84, -v86, v85, v84",8,32,0,0,"/sgl-workspace/triton-custom/python/triton/language/standard.py:50"
4,9220,"s_waitcnt vmcnt(0)",8,852,852,0,"/sgl-workspace/sglang/python/sglang/kernels/ops/attention/fla/fused_recurrent.py:523"
4,9224,"v_lshlrev_b32_e32 v86, 16, v102",8,32,0,0,"/sgl-workspace/sglang/python/sglang/kernels/ops/attention/fla/fused_recurrent.py:523"
4,9228,"v_sub_f32_e32 v92, 0, v86",8,32,0,0,"/sgl-workspace/triton-custom/python/triton/language/standard.py:50"
4,9232,"v_mul_f32_e64 v86, -v86, s5",8,32,0,0,"/sgl-workspace/triton-custom/python/triton/language/standard.py:50"
4,9240,"v_cmp_gt_f32_e64 s[0:1], s4, v86",8,32,0,0,"/sgl-workspace/triton-custom/python/triton/language/standard.py:50"
4,9248,"v_div_fmas_f32 v84, v84, v94, v85",8,32,0,0,"/sgl-workspace/triton-custom/python/triton/language/standard.py:50"
4,9256,"v_div_fixup_f32 v65, v84, v65, 1.0",8,32,0,0,"/sgl-workspace/triton-custom/python/triton/language/standard.py:50"
4,9264,"v_cndmask_b32_e64 v86, 0, v101, s[0:1]",8,32,0,0,"/sgl-workspace/triton-custom/python/triton/language/standard.py:50"
4,9272,"v_fmac_f32_e32 v86, 0x3fb8aa3b, v92",8,32,0,0,"/sgl-workspace/triton-custom/python/triton/language/standard.py:50"
4,9280,"v_exp_f32_e32 v86, v86",8,52,0,0,"/sgl-workspace/triton-custom/python/triton/language/standard.py:50"
4,9284,"s_and_b64 s[0:1], s[0:1], exec",8,32,0,12,"/sgl-workspace/triton-custom/python/triton/language/standard.py:50"
4,9288,"s_cselect_b32 s0, 0xffffffc0, 0",8,32,0,0,"/sgl-workspace/triton-custom/python/triton/language/standard.py:50"
4,9296,"v_mul_f32_e32 v65, s15, v65",8,32,0,0,"/sgl-workspace/sglang/python/sglang/kernels/ops/attention/fla/fused_recurrent.py:517"
4,9300,"v_ldexp_f32 v85, v86, s0",8,32,0,0,"/sgl-workspace/triton-custom/python/triton/language/standard.py:50"
4,9308,"v_add_f32_e32 v86, 1.0, v85",8,32,0,0,"/sgl-workspace/triton-custom/python/triton/language/standard.py:50"
4,9312,"v_div_scale_f32 v85, s[0:1], v86, v86, 1.0",8,32,0,0,"/sgl-workspace/triton-custom/python/triton/language/standard.py:50"
4,9320,"v_rcp_f32_e32 v92, v85",8,52,0,0,"/sgl-workspace/triton-custom/python/triton/language/standard.py:50"
4,9324,"s_and_b32 s21, s21, 0xffff",8,32,0,76,"/sgl-workspace/sglang/python/sglang/kernels/ops/attention/fla/fused_recurrent.py:539"
4,9332,"v_fma_f32 v84, -v85, v92, 1.0",8,32,0,0,"/sgl-workspace/triton-custom/python/triton/language/standard.py:50"
4,9340,"v_fmac_f32_e32 v92, v84, v92",8,32,0,0,"/sgl-workspace/triton-custom/python/triton/language/standard.py:50"
4,9344,"v_div_scale_f32 v84, vcc, 1.0, v86, 1.0",8,32,0,0,"/sgl-workspace/triton-custom/python/triton/language/standard.py:50"
4,9352,"v_mul_f32_e32 v94, v84, v92",8,32,0,0,"/sgl-workspace/triton-custom/python/triton/language/standard.py:50"
4,9356,"v_fma_f32 v98, -v85, v94, v84",8,32,0,0,"/sgl-workspace/triton-custom/python/triton/language/standard.py:50"
4,9364,"v_fmac_f32_e32 v94, v98, v92",8,32,0,0,"/sgl-workspace/triton-custom/python/triton/language/standard.py:50"
4,9368,"v_fma_f32 v84, -v85, v94, v84",8,32,0,0,"/sgl-workspace/triton-custom/python/triton/language/standard.py:50"
4,9376,"v_mul_f32_e32 v85, 0x3fb8aa3b, v64",8,32,0,0,"/sgl-workspace/sglang/python/sglang/kernels/ops/attention/fla/fused_recurrent.py:530"
4,9384,"v_cmp_gt_f32_e64 s[0:1], s4, v85",8,32,0,0,"/sgl-workspace/sglang/python/sglang/kernels/ops/attention/fla/fused_recurrent.py:530"
4,9392,"v_div_fmas_f32 v124, v84, v92, v94",8,32,0,0,"/sgl-workspace/triton-custom/python/triton/language/standard.py:50"
4,9400,"v_div_fixup_f32 v86, v124, v86, 1.0",8,32,0,0,"/sgl-workspace/triton-custom/python/triton/language/standard.py:50"
4,9408,"v_cndmask_b32_e64 v85, 0, v101, s[0:1]",8,32,0,0,"/sgl-workspace/sglang/python/sglang/kernels/ops/attention/fla/fused_recurrent.py:530"
4,9416,"v_fmac_f32_e32 v85, 0x3fb8aa3b, v64",8,32,0,0,"/sgl-workspace/sglang/python/sglang/kernels/ops/attention/fla/fused_recurrent.py:530"
4,9424,"v_exp_f32_e32 v64, v85",8,52,0,0,"/sgl-workspace/sglang/python/sglang/kernels/ops/attention/fla/fused_recurrent.py:530"
4,9428,"v_cndmask_b32_e64 v84, 0, v80, s[0:1]",8,32,0,12,"/sgl-workspace/sglang/python/sglang/kernels/ops/attention/fla/fused_recurrent.py:530"
4,9436,"v_ldexp_f32 v64, v64, v84",8,32,0,0,"/sgl-workspace/sglang/python/sglang/kernels/ops/attention/fla/fused_recurrent.py:530"
4,9444,"v_mul_f32_e32 v84, 0x3fb8aa3b, v65",8,32,0,0,"/sgl-workspace/sglang/python/sglang/kernels/ops/attention/fla/fused_recurrent.py:530"
4,9452,"v_cmp_gt_f32_e32 vcc, s4, v84",8,32,0,0,"/sgl-workspace/sglang/python/sglang/kernels/ops/attention/fla/fused_recurrent.py:530"
4,9456,"s_nop 1",8,64,64,0,"/sgl-workspace/sglang/python/sglang/kernels/ops/attention/fla/fused_recurrent.py:530"
4,9460,"v_cndmask_b32_e32 v84, 0, v101, vcc",8,32,0,0,"/sgl-workspace/sglang/python/sglang/kernels/ops/attention/fla/fused_recurrent.py:530"
4,9464,"v_fmac_f32_e32 v84, 0x3fb8aa3b, v65",8,32,0,0,"/sgl-workspace/sglang/python/sglang/kernels/ops/attention/fla/fused_recurrent.py:530"
4,9472,"v_exp_f32_e32 v65, v84",8,52,0,0,"/sgl-workspace/sglang/python/sglang/kernels/ops/attention/fla/fused_recurrent.py:530"
4,9476,"v_cndmask_b32_e32 v80, 0, v80, vcc",8,32,0,12,"/sgl-workspace/sglang/python/sglang/kernels/ops/attention/fla/fused_recurrent.py:530"
4,9480,"ds_bpermute_b32 v84, v74, v64",8,56,0,64,"/sgl-workspace/sglang/python/sglang/kernels/ops/attention/fla/fused_recurrent.py:530"
4,9488,"ds_bpermute_b32 v64, v69, v64",8,56,0,8,"/sgl-workspace/sglang/python/sglang/kernels/ops/attention/fla/fused_recurrent.py:530"
4,9496,"v_ldexp_f32 v65, v65, v80",8,32,0,8,"/sgl-workspace/sglang/python/sglang/kernels/ops/attention/fla/fused_recurrent.py:530"
4,9504,"ds_bpermute_b32 v74, v74, v65",8,56,0,64,"/sgl-workspace/sglang/python/sglang/kernels/ops/attention/fla/fused_recurrent.py:530"
4,9512,"ds_bpermute_b32 v65, v69, v65",8,56,0,8,"/sgl-workspace/sglang/python/sglang/kernels/ops/attention/fla/fused_recurrent.py:530"
4,9520,"v_div_scale_f32 v69, s[0:1], v76, v76, v67",8,32,0,8,"/sgl-workspace/sglang/python/sglang/kernels/ops/attention/fla/fused_recurrent.py:502"
4,9528,"v_rcp_f32_e32 v80, v69",8,52,0,0,"/sgl-workspace/sglang/python/sglang/kernels/ops/attention/fla/fused_recurrent.py:502"
4,9532,"s_waitcnt lgkmcnt(2)",8,108,108,0,"/sgl-workspace/sglang/python/sglang/kernels/ops/attention/fla/fused_recurrent.py:530"
4,9536,"v_cndmask_b32_e64 v98, v64, v84, s[18:19]",8,32,0,0,"/sgl-workspace/sglang/python/sglang/kernels/ops/attention/fla/fused_recurrent.py:530"
4,9544,"v_cndmask_b32_e64 v94, v84, v64, s[18:19]",8,32,0,0,"/sgl-workspace/sglang/python/sglang/kernels/ops/attention/fla/fused_recurrent.py:530"
4,9552,"s_waitcnt lgkmcnt(0)",8,160,160,0,"/sgl-workspace/sglang/python/sglang/kernels/ops/attention/fla/fused_recurrent.py:530"
4,9556,"v_cndmask_b32_e64 v99, v65, v74, s[18:19]",8,32,0,0,"/sgl-workspace/sglang/python/sglang/kernels/ops/attention/fla/fused_recurrent.py:530"
4,9564,"v_fma_f32 v64, -v69, v80, 1.0",8,32,0,0,"/sgl-workspace/sglang/python/sglang/kernels/ops/attention/fla/fused_recurrent.py:502"
4,9572,"v_fmac_f32_e32 v80, v64, v80",8,32,0,0,"/sgl-workspace/sglang/python/sglang/kernels/ops/attention/fla/fused_recurrent.py:502"
4,9576,"v_div_scale_f32 v64, vcc, v67, v76, v67",8,32,0,0,"/sgl-workspace/sglang/python/sglang/kernels/ops/attention/fla/fused_recurrent.py:502"
4,9584,"v_cndmask_b32_e64 v92, v74, v65, s[18:19]",8,32,0,0,"/sgl-workspace/sglang/python/sglang/kernels/ops/attention/fla/fused_recurrent.py:530"
4,9592,"v_mul_f32_e32 v65, v64, v80",8,32,0,0,"/sgl-workspace/sglang/python/sglang/kernels/ops/attention/fla/fused_recurrent.py:502"
4,9596,"v_fma_f32 v74, -v69, v65, v64",8,32,0,0,"/sgl-workspace/sglang/python/sglang/kernels/ops/attention/fla/fused_recurrent.py:502"
4,9604,"v_fmac_f32_e32 v65, v74, v80",8,32,0,0,"/sgl-workspace/sglang/python/sglang/kernels/ops/attention/fla/fused_recurrent.py:502"
4,9608,"v_fma_f32 v64, -v69, v65, v64",8,32,0,0,"/sgl-workspace/sglang/python/sglang/kernels/ops/attention/fla/fused_recurrent.py:502"
4,9616,"v_div_scale_f32 v69, s[0:1], v76, v76, v66",8,32,0,0,"/sgl-workspace/sglang/python/sglang/kernels/ops/attention/fla/fused_recurrent.py:502"
4,9624,"v_rcp_f32_e32 v74, v69",8,52,0,0,"/sgl-workspace/sglang/python/sglang/kernels/ops/attention/fla/fused_recurrent.py:502"
4,9628,"v_div_fmas_f32 v64, v64, v80, v65",8,32,0,12,"/sgl-workspace/sglang/python/sglang/kernels/ops/attention/fla/fused_recurrent.py:502"
4,9636,"v_div_fixup_f32 v67, v64, v76, v67",8,32,0,0,"/sgl-workspace/sglang/python/sglang/kernels/ops/attention/fla/fused_recurrent.py:502"
4,9644,"v_fma_f32 v64, -v69, v74, 1.0",8,32,0,0,"/sgl-workspace/sglang/python/sglang/kernels/ops/attention/fla/fused_recurrent.py:502"
4,9652,"v_fmac_f32_e32 v74, v64, v74",8,32,0,0,"/sgl-workspace/sglang/python/sglang/kernels/ops/attention/fla/fused_recurrent.py:502"
4,9656,"v_div_scale_f32 v64, vcc, v66, v76, v66",8,32,0,0,"/sgl-workspace/sglang/python/sglang/kernels/ops/attention/fla/fused_recurrent.py:502"
4,9664,"v_mul_f32_e32 v65, v64, v74",8,32,0,0,"/sgl-workspace/sglang/python/sglang/kernels/ops/attention/fla/fused_recurrent.py:502"
4,9668,"v_fma_f32 v80, -v69, v65, v64",8,32,0,0,"/sgl-workspace/sglang/python/sglang/kernels/ops/attention/fla/fused_recurrent.py:502"
4,9676,"v_fmac_f32_e32 v65, v80, v74",8,32,0,0,"/sgl-workspace/sglang/python/sglang/kernels/ops/attention/fla/fused_recurrent.py:502"
4,9680,"v_fma_f32 v64, -v69, v65, v64",8,32,0,0,"/sgl-workspace/sglang/python/sglang/kernels/ops/attention/fla/fused_recurrent.py:502"
4,9688,"v_div_fmas_f32 v64, v64, v74, v65",8,32,0,0,"/sgl-workspace/sglang/python/sglang/kernels/ops/attention/fla/fused_recurrent.py:502"
4,9696,"v_div_fixup_f32 v66, v64, v76, v66",8,32,0,0,"/sgl-workspace/sglang/python/sglang/kernels/ops/attention/fla/fused_recurrent.py:502"
4,9704,"v_mov_b32_e32 v64, v52",8,32,0,0,"/sgl-workspace/sglang/python/sglang/kernels/ops/attention/fla/fused_recurrent.py:530"
4,9708,"v_mov_b32_e32 v65, v49",8,32,0,0,"/sgl-workspace/sglang/python/sglang/kernels/ops/attention/fla/fused_recurrent.py:530"
4,9712,"v_pk_mov_b32 v[48:49], v[52:53], v[48:49] op_sel:[1,0]",8,32,0,0,"/sgl-workspace/sglang/python/sglang/kernels/ops/attention/fla/fused_recurrent.py:530"
4,9720,"v_pk_mul_f32 v[84:85], v[64:65], v[98:99]",8,32,0,0,"/sgl-workspace/sglang/python/sglang/kernels/ops/attention/fla/fused_recurrent.py:530"
4,9728,"v_pk_mul_f32 v[100:101], v[48:49], v[98:99] op_sel:[0,1] op_sel_hi:[1,0]",8,32,0,0,"/sgl-workspace/sglang/python/sglang/kernels/ops/attention/fla/fused_recurrent.py:530"
4,9736,"v_mov_b32_e32 v48, v54",8,32,0,0,"/sgl-workspace/sglang/python/sglang/kernels/ops/attention/fla/fused_recurrent.py:530"
4,9740,"v_mov_b32_e32 v49, v50",8,32,0,0,"/sgl-workspace/sglang/python/sglang/kernels/ops/attention/fla/fused_recurrent.py:530"
4,9744,"v_pk_mul_f32 v[102:103], v[48:49], v[94:95] op_sel_hi:[1,0]",8,32,0,0,"/sgl-workspace/sglang/python/sglang/kernels/ops/attention/fla/fused_recurrent.py:530"
4,9752,"v_pk_mul_f32 v[48:49], v[58:59], v[84:85]",8,32,0,0,"/sgl-workspace/sglang/python/sglang/kernels/ops/attention/fla/fused_recurrent.py:531"
4,9760,"v_mov_b32_e32 v50, v55",8,32,0,0,"/sgl-workspace/sglang/python/sglang/kernels/ops/attention/fla/fused_recurrent.py:530"
4,9764,"v_pk_fma_f32 v[48:49], v[58:59], v[100:101], v[48:49] op_sel:[1,0,0] op_sel_hi:[0,1,1]",8,32,0,0,"/sgl-workspace/triton-custom/python/triton/language/standard.py:263"
4,9772,"v_pk_mul_f32 v[118:119], v[50:51], v[92:93] op_sel_hi:[1,0]",8,32,0,0,"/sgl-workspace/sglang/python/sglang/kernels/ops/attention/fla/fused_recurrent.py:530"
4,9780,"v_pk_fma_f32 v[48:49], v[70:71], v[102:103], v[48:49] op_sel_hi:[0,1,1]",8,32,0,0,"/sgl-workspace/triton-custom/python/triton/language/standard.py:263"
4,9788,"v_pk_fma_f32 v[120:121], v[72:73], v[118:119], v[48:49] op_sel_hi:[0,1,1]",8,32,0,0,"/sgl-workspace/triton-custom/python/triton/language/standard.py:263"
4,9796,"ds_swizzle_b32 v123, v121 offset:swizzle(SWAP,16)",8,32,0,64,"/sgl-workspace/triton-custom/python/triton/language/standard.py:293"
4,9804,"ds_swizzle_b32 v122, v120 offset:swizzle(SWAP,16)",8,32,0,0,"/sgl-workspace/triton-custom/python/triton/language/standard.py:293"
4,9812,"v_div_fixup_f32 v65, v81, v76, v68",8,32,0,0,"/sgl-workspace/sglang/python/sglang/kernels/ops/attention/fla/fused_recurrent.py:502"
4,9820,"v_mul_f32_e32 v64, s14, v77",8,32,0,0,"/sgl-workspace/sglang/python/sglang/kernels/ops/attention/fla/fused_recurrent.py:504"
4,9824,"v_mul_f32_e32 v74, s14, v65",8,32,0,0,"/sgl-workspace/sglang/python/sglang/kernels/ops/attention/fla/fused_recurrent.py:504"
4,9828,"buffer_load_dwordx4 v[48:51], v111, s[24:27], 0 offen",8,96,64,64,"/sgl-workspace/sglang/python/sglang/kernels/ops/attention/fla/fused_recurrent.py:491"
4,9836,"buffer_load_dwordx4 v[52:55], v110, s[24:27], 0 offen",8,40,0,0,"/sgl-workspace/sglang/python/sglang/kernels/ops/attention/fla/fused_recurrent.py:491"
4,9844,"s_waitcnt lgkmcnt(0)",8,68,68,0,"/sgl-workspace/triton-custom/python/triton/language/standard.py:263"
4,9848,"v_pk_add_f32 v[68:69], v[120:121], v[122:123]",8,32,0,0,"/sgl-workspace/triton-custom/python/triton/language/standard.py:263"
4,9856,"s_and_b64 vcc, s[18:19], s[2:3]",8,32,0,0,"/sgl-workspace/sglang/python/sglang/kernels/ops/attention/fla/fused_recurrent.py:535"
4,9860,"v_mov_b32_e32 v77, v69",8,32,0,0,"/sgl-workspace/triton-custom/python/triton/language/standard.py:293"
4,9864,"v_mov_b32_e32 v76, v68",8,32,0,0,"/sgl-workspace/triton-custom/python/triton/language/standard.py:293"
4,9868,"s_and_b32 s25, s13, 0xffff",8,32,0,0,"/sgl-workspace/sglang/python/sglang/kernels/ops/attention/fla/fused_recurrent.py:535"
4,9876,"v_mov_b32_dpp v77, v77 row_shr:8 row_mask:0xf bank_mask:0xc",8,32,0,0,"/sgl-workspace/triton-custom/python/triton/language/standard.py:293"
4,9884,"v_mov_b32_dpp v76, v76 row_shr:8 row_mask:0xf bank_mask:0xc",8,32,0,0,"/sgl-workspace/triton-custom/python/triton/language/standard.py:293"
4,9892,"s_mov_b32 s24, s12",8,32,0,0,"/sgl-workspace/sglang/python/sglang/kernels/ops/attention/fla/fused_recurrent.py:535"
4,9896,"v_mov_b32_dpp v77, v69 row_shl:8 row_mask:0xf bank_mask:0x3",8,32,0,0,"/sgl-workspace/triton-custom/python/triton/language/standard.py:293"
4,9904,"v_mov_b32_dpp v76, v68 row_shl:8 row_mask:0xf bank_mask:0x3",8,32,0,0,"/sgl-workspace/triton-custom/python/triton/language/standard.py:293"
4,9912,"v_pk_add_f32 v[68:69], v[68:69], v[76:77]",8,32,0,0,"/sgl-workspace/triton-custom/python/triton/language/standard.py:263"
4,9920,"s_nop 0",8,32,32,0,"/sgl-workspace/triton-custom/python/triton/language/standard.py:293"
4,9924,"v_mov_b32_e32 v77, v69",8,32,0,0,"/sgl-workspace/triton-custom/python/triton/language/standard.py:293"
4,9928,"v_mov_b32_e32 v76, v68",8,32,0,0,"/sgl-workspace/triton-custom/python/triton/language/standard.py:293"
4,9932,"s_nop 0",8,32,32,0,"/sgl-workspace/triton-custom/python/triton/language/standard.py:293"
4,9936,"v_mov_b32_dpp v77, v77 row_shr:4 row_mask:0xf bank_mask:0xa",8,32,0,0,"/sgl-workspace/triton-custom/python/triton/language/standard.py:293"
4,9944,"v_mov_b32_dpp v76, v76 row_shr:4 row_mask:0xf bank_mask:0xa",8,32,0,0,"/sgl-workspace/triton-custom/python/triton/language/standard.py:293"
4,9952,"s_nop 0",8,32,32,0,"/sgl-workspace/triton-custom/python/triton/language/standard.py:293"
4,9956,"v_mov_b32_dpp v77, v69 row_shl:4 row_mask:0xf bank_mask:0x5",8,32,0,0,"/sgl-workspace/triton-custom/python/triton/language/standard.py:293"
4,9964,"v_mov_b32_dpp v76, v68 row_shl:4 row_mask:0xf bank_mask:0x5",8,32,0,0,"/sgl-workspace/triton-custom/python/triton/language/standard.py:293"
4,9972,"v_pk_add_f32 v[68:69], v[68:69], v[76:77]",8,32,0,0,"/sgl-workspace/triton-custom/python/triton/language/standard.py:263"
4,9980,"s_nop 0",8,32,32,0,"/sgl-workspace/triton-custom/python/triton/language/standard.py:293"
4,9984,"v_mov_b32_e32 v77, v69",8,32,0,0,"/sgl-workspace/triton-custom/python/triton/language/standard.py:293"
4,9988,"v_mov_b32_e32 v76, v68",8,32,0,0,"/sgl-workspace/triton-custom/python/triton/language/standard.py:293"
4,9992,"s_nop 0",8,32,32,0,"/sgl-workspace/triton-custom/python/triton/language/standard.py:293"
4,9996,"v_mov_b32_dpp v77, v77 quad_perm:[2,3,0,1] row_mask:0xf bank_mask:0xf",8,32,0,0,"/sgl-workspace/triton-custom/python/triton/language/standard.py:293"
4,10004,"v_mov_b32_dpp v76, v76 quad_perm:[2,3,0,1] row_mask:0xf bank_mask:0xf",8,32,0,0,"/sgl-workspace/triton-custom/python/triton/language/standard.py:293"
4,10012,"v_pk_add_f32 v[68:69], v[68:69], v[76:77]",8,32,0,0,"/sgl-workspace/triton-custom/python/triton/language/standard.py:263"
4,10020,"s_nop 0",8,32,32,0,"/sgl-workspace/triton-custom/python/triton/language/standard.py:293"
4,10024,"v_mov_b32_e32 v77, v69",8,32,0,0,"/sgl-workspace/triton-custom/python/triton/language/standard.py:293"
4,10028,"v_mov_b32_e32 v76, v68",8,32,0,0,"/sgl-workspace/triton-custom/python/triton/language/standard.py:293"
4,10032,"s_nop 0",8,32,32,0,"/sgl-workspace/triton-custom/python/triton/language/standard.py:293"
4,10036,"v_mov_b32_dpp v77, v77 quad_perm:[1,0,3,2] row_mask:0xf bank_mask:0xf",8,32,0,0,"/sgl-workspace/triton-custom/python/triton/language/standard.py:293"
4,10044,"v_mov_b32_dpp v76, v76 quad_perm:[1,0,3,2] row_mask:0xf bank_mask:0xf",8,32,0,0,"/sgl-workspace/triton-custom/python/triton/language/standard.py:293"
4,10052,"v_pk_add_f32 v[68:69], v[68:69], v[76:77]",8,32,0,0,"/sgl-workspace/triton-custom/python/triton/language/standard.py:263"
4,10060,"v_mov_b32_e32 v76, v6",8,32,0,0,"/sgl-workspace/sglang/python/sglang/kernels/ops/attention/fla/fused_recurrent.py:530"
4,10064,"v_pk_add_f32 v[62:63], v[62:63], v[68:69] neg_lo:[0,1] neg_hi:[0,1]",8,32,0,0,"/sgl-workspace/sglang/python/sglang/kernels/ops/attention/fla/fused_recurrent.py:531"
4,10072,"v_mov_b32_e32 v68, v4",8,32,0,0,"/sgl-workspace/sglang/python/sglang/kernels/ops/attention/fla/fused_recurrent.py:530"
4,10076,"v_mov_b32_e32 v69, v1",8,32,0,0,"/sgl-workspace/sglang/python/sglang/kernels/ops/attention/fla/fused_recurrent.py:530"
4,10080,"v_pk_mul_f32 v[68:69], v[68:69], v[98:99]",8,32,0,0,"/sgl-workspace/sglang/python/sglang/kernels/ops/attention/fla/fused_recurrent.py:530"
4,10088,"v_pk_mov_b32 v[0:1], v[4:5], v[0:1] op_sel:[1,0]",8,32,0,0,"/sgl-workspace/sglang/python/sglang/kernels/ops/attention/fla/fused_recurrent.py:530"
4,10096,"v_mov_b32_e32 v77, v2",8,32,0,0,"/sgl-workspace/sglang/python/sglang/kernels/ops/attention/fla/fused_recurrent.py:530"
4,10100,"v_pk_mul_f32 v[0:1], v[0:1], v[98:99] op_sel:[0,1] op_sel_hi:[1,0]",8,32,0,0,"/sgl-workspace/sglang/python/sglang/kernels/ops/attention/fla/fused_recurrent.py:530"
4,10108,"v_pk_mul_f32 v[4:5], v[58:59], v[68:69]",8,32,0,0,"/sgl-workspace/sglang/python/sglang/kernels/ops/attention/fla/fused_recurrent.py:531"
4,10116,"v_mov_b32_e32 v2, v7",8,32,0,0,"/sgl-workspace/sglang/python/sglang/kernels/ops/attention/fla/fused_recurrent.py:530"
4,10120,"v_pk_mul_f32 v[6:7], v[76:77], v[94:95] op_sel_hi:[1,0]",8,32,0,0,"/sgl-workspace/sglang/python/sglang/kernels/ops/attention/fla/fused_recurrent.py:530"
4,10128,"v_pk_fma_f32 v[4:5], v[58:59], v[0:1], v[4:5] op_sel:[1,0,0] op_sel_hi:[0,1,1]",8,32,0,0,"/sgl-workspace/triton-custom/python/triton/language/standard.py:263"
4,10136,"v_pk_mul_f32 v[2:3], v[2:3], v[92:93] op_sel_hi:[1,0]",8,32,0,0,"/sgl-workspace/sglang/python/sglang/kernels/ops/attention/fla/fused_recurrent.py:530"
4,10144,"v_pk_fma_f32 v[4:5], v[70:71], v[6:7], v[4:5] op_sel_hi:[0,1,1]",8,32,0,0,"/sgl-workspace/triton-custom/python/triton/language/standard.py:263"
4,10152,"v_pk_fma_f32 v[4:5], v[72:73], v[2:3], v[4:5] op_sel_hi:[0,1,1]",8,32,0,0,"/sgl-workspace/triton-custom/python/triton/language/standard.py:263"
4,10160,"ds_swizzle_b32 v81, v5 offset:swizzle(SWAP,16)",8,32,0,64,"/sgl-workspace/triton-custom/python/triton/language/standard.py:293"
4,10168,"ds_swizzle_b32 v80, v4 offset:swizzle(SWAP,16)",8,32,0,0,"/sgl-workspace/triton-custom/python/triton/language/standard.py:293"
4,10176,"v_pk_mul_f32 v[76:77], s[14:15], v[66:67] op_sel_hi:[0,1]",8,32,0,0,"/sgl-workspace/sglang/python/sglang/kernels/ops/attention/fla/fused_recurrent.py:504"
4,10184,"v_pk_mul_f32 v[62:63], v[86:87], v[62:63] op_sel_hi:[0,1]",8,32,0,0,"/sgl-workspace/sglang/python/sglang/kernels/ops/attention/fla/fused_recurrent.py:532"
4,10192,"s_waitcnt lgkmcnt(0)",8,300,300,0,"/sgl-workspace/triton-custom/python/triton/language/standard.py:263"
4,10196,"v_pk_add_f32 v[4:5], v[4:5], v[80:81]",8,32,0,0,"/sgl-workspace/triton-custom/python/triton/language/standard.py:263"
4,10204,"s_nop 0",8,32,32,0,"/sgl-workspace/triton-custom/python/triton/language/standard.py:293"
4,10208,"v_mov_b32_e32 v67, v5",8,32,0,0,"/sgl-workspace/triton-custom/python/triton/language/standard.py:293"
4,10212,"v_mov_b32_e32 v66, v4",8,32,0,0,"/sgl-workspace/triton-custom/python/triton/language/standard.py:293"
4,10216,"s_nop 0",8,32,32,0,"/sgl-workspace/triton-custom/python/triton/language/standard.py:293"
4,10220,"v_mov_b32_dpp v67, v67 row_shr:8 row_mask:0xf bank_mask:0xc",8,32,0,0,"/sgl-workspace/triton-custom/python/triton/language/standard.py:293"
4,10228,"v_mov_b32_dpp v66, v66 row_shr:8 row_mask:0xf bank_mask:0xc",8,32,0,0,"/sgl-workspace/triton-custom/python/triton/language/standard.py:293"
4,10236,"s_nop 0",8,32,32,0,"/sgl-workspace/triton-custom/python/triton/language/standard.py:293"
4,10240,"v_mov_b32_dpp v67, v5 row_shl:8 row_mask:0xf bank_mask:0x3",8,32,0,0,"/sgl-workspace/triton-custom/python/triton/language/standard.py:293"
4,10248,"v_mov_b32_dpp v66, v4 row_shl:8 row_mask:0xf bank_mask:0x3",8,32,0,0,"/sgl-workspace/triton-custom/python/triton/language/standard.py:293"
4,10256,"v_pk_add_f32 v[4:5], v[4:5], v[66:67]",8,32,0,0,"/sgl-workspace/triton-custom/python/triton/language/standard.py:263"
4,10264,"s_nop 0",8,32,32,0,"/sgl-workspace/triton-custom/python/triton/language/standard.py:293"
4,10268,"v_mov_b32_e32 v67, v5",8,32,0,0,"/sgl-workspace/triton-custom/python/triton/language/standard.py:293"
4,10272,"v_mov_b32_e32 v66, v4",8,32,0,0,"/sgl-workspace/triton-custom/python/triton/language/standard.py:293"
4,10276,"s_nop 0",8,32,32,0,"/sgl-workspace/triton-custom/python/triton/language/standard.py:293"
4,10280,"v_mov_b32_dpp v67, v67 row_shr:4 row_mask:0xf bank_mask:0xa",8,32,0,0,"/sgl-workspace/triton-custom/python/triton/language/standard.py:293"
4,10288,"v_mov_b32_dpp v66, v66 row_shr:4 row_mask:0xf bank_mask:0xa",8,32,0,0,"/sgl-workspace/triton-custom/python/triton/language/standard.py:293"
4,10296,"s_nop 0",8,32,32,0,"/sgl-workspace/triton-custom/python/triton/language/standard.py:293"
4,10300,"v_mov_b32_dpp v67, v5 row_shl:4 row_mask:0xf bank_mask:0x5",8,32,0,0,"/sgl-workspace/triton-custom/python/triton/language/standard.py:293"
4,10308,"v_mov_b32_dpp v66, v4 row_shl:4 row_mask:0xf bank_mask:0x5",8,32,0,0,"/sgl-workspace/triton-custom/python/triton/language/standard.py:293"
4,10316,"v_pk_add_f32 v[4:5], v[4:5], v[66:67]",8,32,0,0,"/sgl-workspace/triton-custom/python/triton/language/standard.py:263"
4,10324,"s_nop 0",8,32,32,0,"/sgl-workspace/triton-custom/python/triton/language/standard.py:293"
4,10328,"v_mov_b32_e32 v67, v5",8,32,0,0,"/sgl-workspace/triton-custom/python/triton/language/standard.py:293"
4,10332,"v_mov_b32_e32 v66, v4",8,32,0,0,"/sgl-workspace/triton-custom/python/triton/language/standard.py:293"
4,10336,"s_nop 0",8,32,32,0,"/sgl-workspace/triton-custom/python/triton/language/standard.py:293"
4,10340,"v_mov_b32_dpp v67, v67 quad_perm:[2,3,0,1] row_mask:0xf bank_mask:0xf",8,32,0,0,"/sgl-workspace/triton-custom/python/triton/language/standard.py:293"
4,10348,"v_mov_b32_dpp v66, v66 quad_perm:[2,3,0,1] row_mask:0xf bank_mask:0xf",8,32,0,0,"/sgl-workspace/triton-custom/python/triton/language/standard.py:293"
4,10356,"v_pk_add_f32 v[4:5], v[4:5], v[66:67]",8,32,0,0,"/sgl-workspace/triton-custom/python/triton/language/standard.py:263"
4,10364,"s_nop 0",8,32,32,0,"/sgl-workspace/triton-custom/python/triton/language/standard.py:293"
4,10368,"v_mov_b32_e32 v67, v5",8,32,0,0,"/sgl-workspace/triton-custom/python/triton/language/standard.py:293"
4,10372,"v_mov_b32_e32 v66, v4",8,32,0,0,"/sgl-workspace/triton-custom/python/triton/language/standard.py:293"
4,10376,"s_nop 0",8,32,32,0,"/sgl-workspace/triton-custom/python/triton/language/standard.py:293"
4,10380,"v_mov_b32_dpp v67, v67 quad_perm:[1,0,3,2] row_mask:0xf bank_mask:0xf",8,32,0,0,"/sgl-workspace/triton-custom/python/triton/language/standard.py:293"
4,10388,"v_mov_b32_dpp v66, v66 quad_perm:[1,0,3,2] row_mask:0xf bank_mask:0xf",8,32,0,0,"/sgl-workspace/triton-custom/python/triton/language/standard.py:293"
4,10396,"v_pk_add_f32 v[4:5], v[4:5], v[66:67]",8,32,0,0,"/sgl-workspace/triton-custom/python/triton/language/standard.py:263"
4,10404,"s_nop 0",8,32,32,0,"/sgl-workspace/sglang/python/sglang/kernels/ops/attention/fla/fused_recurrent.py:531"
4,10408,"v_pk_add_f32 v[4:5], v[60:61], v[4:5] neg_lo:[0,1] neg_hi:[0,1]",8,32,0,0,"/sgl-workspace/sglang/python/sglang/kernels/ops/attention/fla/fused_recurrent.py:531"
4,10416,"s_nop 0",8,32,32,0,"/sgl-workspace/sglang/python/sglang/kernels/ops/attention/fla/fused_recurrent.py:532"
4,10420,"v_pk_mul_f32 v[60:61], v[86:87], v[4:5] op_sel_hi:[0,1]",8,32,0,0,"/sgl-workspace/sglang/python/sglang/kernels/ops/attention/fla/fused_recurrent.py:532"
4,10428,"v_pk_fma_f32 v[4:5], v[58:59], v[60:61], v[68:69]",8,32,0,0,"/sgl-workspace/sglang/python/sglang/kernels/ops/attention/fla/fused_recurrent.py:533"
4,10436,"v_pk_fma_f32 v[68:69], v[58:59], v[60:61], v[0:1] op_sel:[1,0,0] op_sel_hi:[0,1,1]",8,32,0,0,"/sgl-workspace/sglang/python/sglang/kernels/ops/attention/fla/fused_recurrent.py:533"
4,10444,"v_pk_fma_f32 v[6:7], v[70:71], v[60:61], v[6:7] op_sel_hi:[0,1,1]",8,32,0,0,"/sgl-workspace/sglang/python/sglang/kernels/ops/attention/fla/fused_recurrent.py:533"
4,10452,"v_pk_fma_f32 v[66:67], v[72:73], v[60:61], v[2:3] op_sel_hi:[0,1,1]",8,32,0,0,"/sgl-workspace/sglang/python/sglang/kernels/ops/attention/fla/fused_recurrent.py:533"
4,10460,"v_pk_fma_f32 v[60:61], v[58:59], v[62:63], v[100:101] op_sel:[1,0,0] op_sel_hi:[0,1,1]",8,32,0,32,"/sgl-workspace/sglang/python/sglang/kernels/ops/attention/fla/fused_recurrent.py:533"
4,10468,"v_mov_b32_e32 v100, v20",8,32,0,0,"/sgl-workspace/sglang/python/sglang/kernels/ops/attention/fla/fused_recurrent.py:530"
4,10472,"v_mov_b32_e32 v101, v9",8,32,0,0,"/sgl-workspace/sglang/python/sglang/kernels/ops/attention/fla/fused_recurrent.py:530"
4,10476,"v_pk_mul_f32 v[100:101], v[100:101], v[98:99]",8,32,0,0,"/sgl-workspace/sglang/python/sglang/kernels/ops/attention/fla/fused_recurrent.py:530"
4,10484,"v_pk_mov_b32 v[8:9], v[20:21], v[8:9] op_sel:[1,0]",8,32,0,0,"/sgl-workspace/sglang/python/sglang/kernels/ops/attention/fla/fused_recurrent.py:530"
4,10492,"v_pk_fma_f32 v[2:3], v[70:71], v[62:63], v[102:103] op_sel_hi:[0,1,1]",8,32,0,0,"/sgl-workspace/sglang/python/sglang/kernels/ops/attention/fla/fused_recurrent.py:533"
4,10500,"v_mov_b32_e32 v102, v22",8,32,0,0,"/sgl-workspace/sglang/python/sglang/kernels/ops/attention/fla/fused_recurrent.py:530"
4,10504,"v_mov_b32_e32 v103, v10",8,32,0,0,"/sgl-workspace/sglang/python/sglang/kernels/ops/attention/fla/fused_recurrent.py:530"
4,10508,"v_pk_mul_f32 v[20:21], v[8:9], v[98:99] op_sel:[0,1] op_sel_hi:[1,0]",8,32,0,0,"/sgl-workspace/sglang/python/sglang/kernels/ops/attention/fla/fused_recurrent.py:530"
4,10516,"v_pk_mul_f32 v[8:9], v[58:59], v[100:101]",8,32,0,0,"/sgl-workspace/sglang/python/sglang/kernels/ops/attention/fla/fused_recurrent.py:531"
4,10524,"v_mov_b32_e32 v10, v23",8,32,0,0,"/sgl-workspace/sglang/python/sglang/kernels/ops/attention/fla/fused_recurrent.py:530"
4,10528,"v_pk_mul_f32 v[22:23], v[102:103], v[94:95] op_sel_hi:[1,0]",8,32,0,0,"/sgl-workspace/sglang/python/sglang/kernels/ops/attention/fla/fused_recurrent.py:530"
4,10536,"v_pk_fma_f32 v[8:9], v[58:59], v[20:21], v[8:9] op_sel:[1,0,0] op_sel_hi:[0,1,1]",8,32,0,0,"/sgl-workspace/triton-custom/python/triton/language/standard.py:263"
4,10544,"v_pk_mul_f32 v[102:103], v[10:11], v[92:93] op_sel_hi:[1,0]",8,32,0,0,"/sgl-workspace/sglang/python/sglang/kernels/ops/attention/fla/fused_recurrent.py:530"
4,10552,"v_pk_fma_f32 v[8:9], v[70:71], v[22:23], v[8:9] op_sel_hi:[0,1,1]",8,32,0,0,"/sgl-workspace/triton-custom/python/triton/language/standard.py:263"
4,10560,"v_pk_fma_f32 v[8:9], v[72:73], v[102:103], v[8:9] op_sel_hi:[0,1,1]",8,32,0,0,"/sgl-workspace/triton-custom/python/triton/language/standard.py:263"
4,10568,"ds_swizzle_b32 v11, v9 offset:swizzle(SWAP,16)",8,32,0,64,"/sgl-workspace/triton-custom/python/triton/language/standard.py:293"
4,10576,"ds_swizzle_b32 v10, v8 offset:swizzle(SWAP,16)",8,32,0,0,"/sgl-workspace/triton-custom/python/triton/language/standard.py:293"
4,10584,"v_pk_mul_f32 v[0:1], v[76:77], v[68:69] op_sel:[1,0] op_sel_hi:[0,1]",8,32,0,0,"/sgl-workspace/sglang/python/sglang/kernels/ops/attention/fla/fused_recurrent.py:534"
4,10592,"v_pk_fma_f32 v[0:1], v[76:77], v[4:5], v[0:1]",8,32,0,0,"/sgl-workspace/triton-custom/python/triton/language/standard.py:263"
4,10600,"s_waitcnt lgkmcnt(0)",8,300,300,0,"/sgl-workspace/triton-custom/python/triton/language/standard.py:263"
4,10604,"v_pk_add_f32 v[8:9], v[8:9], v[10:11]",8,32,0,0,"/sgl-workspace/triton-custom/python/triton/language/standard.py:263"
4,10612,"v_pk_fma_f32 v[0:1], v[64:65], v[6:7], v[0:1] op_sel_hi:[0,1,1]",8,32,0,0,"/sgl-workspace/triton-custom/python/triton/language/standard.py:263"
4,10620,"v_pk_fma_f32 v[80:81], v[74:75], v[66:67], v[0:1] op_sel_hi:[0,1,1]",8,32,0,0,"/sgl-workspace/triton-custom/python/triton/language/standard.py:263"
4,10628,"ds_swizzle_b32 v121, v81 offset:swizzle(SWAP,16)",8,32,0,64,"/sgl-workspace/triton-custom/python/triton/language/standard.py:293"
4,10636,"ds_swizzle_b32 v120, v80 offset:swizzle(SWAP,16)",8,32,0,0,"/sgl-workspace/triton-custom/python/triton/language/standard.py:293"
4,10644,"v_mov_b32_e32 v11, v9",8,32,0,0,"/sgl-workspace/triton-custom/python/triton/language/standard.py:293"
4,10648,"v_mov_b32_e32 v10, v8",8,32,0,0,"/sgl-workspace/triton-custom/python/triton/language/standard.py:293"
4,10652,"v_pk_fma_f32 v[0:1], v[58:59], v[62:63], v[84:85]",8,32,0,0,"/sgl-workspace/sglang/python/sglang/kernels/ops/attention/fla/fused_recurrent.py:533"
4,10660,"v_mov_b32_dpp v11, v11 row_shr:8 row_mask:0xf bank_mask:0xc",8,32,0,0,"/sgl-workspace/triton-custom/python/triton/language/standard.py:293"
4,10668,"v_mov_b32_dpp v10, v10 row_shr:8 row_mask:0xf bank_mask:0xc",8,32,0,0,"/sgl-workspace/triton-custom/python/triton/language/standard.py:293"
4,10676,"s_waitcnt lgkmcnt(0)",8,204,204,0,"/sgl-workspace/triton-custom/python/triton/language/standard.py:263"
4,10680,"v_pk_add_f32 v[80:81], v[80:81], v[120:121]",8,32,0,0,"/sgl-workspace/triton-custom/python/triton/language/standard.py:263"
4,10688,"v_mov_b32_dpp v11, v9 row_shl:8 row_mask:0xf bank_mask:0x3",8,32,0,0,"/sgl-workspace/triton-custom/python/triton/language/standard.py:293"
4,10696,"v_mov_b32_dpp v10, v8 row_shl:8 row_mask:0xf bank_mask:0x3",8,32,0,0,"/sgl-workspace/triton-custom/python/triton/language/standard.py:293"
4,10704,"v_pk_add_f32 v[8:9], v[8:9], v[10:11]",8,32,0,0,"/sgl-workspace/triton-custom/python/triton/language/standard.py:263"
4,10712,"v_mov_b32_e32 v85, v81",8,32,0,0,"/sgl-workspace/triton-custom/python/triton/language/standard.py:293"
4,10716,"v_mov_b32_e32 v11, v9",8,32,0,0,"/sgl-workspace/triton-custom/python/triton/language/standard.py:293"
4,10720,"v_mov_b32_e32 v10, v8",8,32,0,0,"/sgl-workspace/triton-custom/python/triton/language/standard.py:293"
4,10724,"v_mov_b32_e32 v84, v80",8,32,0,0,"/sgl-workspace/triton-custom/python/triton/language/standard.py:293"
4,10728,"v_mov_b32_dpp v11, v11 row_shr:4 row_mask:0xf bank_mask:0xa",8,32,0,0,"/sgl-workspace/triton-custom/python/triton/language/standard.py:293"
4,10736,"v_mov_b32_dpp v10, v10 row_shr:4 row_mask:0xf bank_mask:0xa",8,32,0,0,"/sgl-workspace/triton-custom/python/triton/language/standard.py:293"
4,10744,"v_mov_b32_dpp v85, v85 row_shr:8 row_mask:0xf bank_mask:0xc",8,32,0,0,"/sgl-workspace/triton-custom/python/triton/language/standard.py:293"
4,10752,"v_mov_b32_dpp v11, v9 row_shl:4 row_mask:0xf bank_mask:0x5",8,32,0,0,"/sgl-workspace/triton-custom/python/triton/language/standard.py:293"
4,10760,"v_mov_b32_dpp v10, v8 row_shl:4 row_mask:0xf bank_mask:0x5",8,32,0,0,"/sgl-workspace/triton-custom/python/triton/language/standard.py:293"
4,10768,"v_mov_b32_dpp v84, v84 row_shr:8 row_mask:0xf bank_mask:0xc",8,32,0,0,"/sgl-workspace/triton-custom/python/triton/language/standard.py:293"
4,10776,"v_pk_add_f32 v[8:9], v[8:9], v[10:11]",8,32,0,0,"/sgl-workspace/triton-custom/python/triton/language/standard.py:263"
4,10784,"v_mov_b32_dpp v85, v81 row_shl:8 row_mask:0xf bank_mask:0x3",8,32,0,0,"/sgl-workspace/triton-custom/python/triton/language/standard.py:293"
4,10792,"v_mov_b32_dpp v84, v80 row_shl:8 row_mask:0xf bank_mask:0x3",8,32,0,0,"/sgl-workspace/triton-custom/python/triton/language/standard.py:293"
4,10800,"v_mov_b32_e32 v11, v9",8,32,0,0,"/sgl-workspace/triton-custom/python/triton/language/standard.py:293"
4,10804,"v_mov_b32_e32 v10, v8",8,32,0,0,"/sgl-workspace/triton-custom/python/triton/language/standard.py:293"
4,10808,"v_pk_add_f32 v[80:81], v[80:81], v[84:85]",8,32,0,0,"/sgl-workspace/triton-custom/python/triton/language/standard.py:263"
4,10816,"v_mov_b32_dpp v11, v11 quad_perm:[2,3,0,1] row_mask:0xf bank_mask:0xf",8,32,0,0,"/sgl-workspace/triton-custom/python/triton/language/standard.py:293"
4,10824,"v_mov_b32_dpp v10, v10 quad_perm:[2,3,0,1] row_mask:0xf bank_mask:0xf",8,32,0,0,"/sgl-workspace/triton-custom/python/triton/language/standard.py:293"
4,10832,"v_mov_b32_e32 v85, v81",8,32,0,0,"/sgl-workspace/triton-custom/python/triton/language/standard.py:293"
4,10836,"v_mov_b32_e32 v84, v80",8,32,0,0,"/sgl-workspace/triton-custom/python/triton/language/standard.py:293"
4,10840,"v_pk_add_f32 v[8:9], v[8:9], v[10:11]",8,32,0,0,"/sgl-workspace/triton-custom/python/triton/language/standard.py:263"
4,10848,"v_mov_b32_dpp v85, v85 row_shr:4 row_mask:0xf bank_mask:0xa",8,32,0,0,"/sgl-workspace/triton-custom/python/triton/language/standard.py:293"
4,10856,"v_mov_b32_dpp v84, v84 row_shr:4 row_mask:0xf bank_mask:0xa",8,32,0,0,"/sgl-workspace/triton-custom/python/triton/language/standard.py:293"
4,10864,"v_mov_b32_e32 v11, v9",8,32,0,0,"/sgl-workspace/triton-custom/python/triton/language/standard.py:293"
4,10868,"v_mov_b32_e32 v10, v8",8,32,0,0,"/sgl-workspace/triton-custom/python/triton/language/standard.py:293"
4,10872,"v_mov_b32_dpp v85, v81 row_shl:4 row_mask:0xf bank_mask:0x5",8,32,0,0,"/sgl-workspace/triton-custom/python/triton/language/standard.py:293"
4,10880,"v_mov_b32_dpp v84, v80 row_shl:4 row_mask:0xf bank_mask:0x5",8,32,0,0,"/sgl-workspace/triton-custom/python/triton/language/standard.py:293"
4,10888,"v_mov_b32_dpp v11, v11 quad_perm:[1,0,3,2] row_mask:0xf bank_mask:0xf",8,32,0,0,"/sgl-workspace/triton-custom/python/triton/language/standard.py:293"
4,10896,"v_mov_b32_dpp v10, v10 quad_perm:[1,0,3,2] row_mask:0xf bank_mask:0xf",8,32,0,0,"/sgl-workspace/triton-custom/python/triton/language/standard.py:293"
4,10904,"v_pk_add_f32 v[80:81], v[80:81], v[84:85]",8,32,0,0,"/sgl-workspace/triton-custom/python/triton/language/standard.py:263"
4,10912,"v_pk_add_f32 v[8:9], v[8:9], v[10:11]",8,32,0,0,"/sgl-workspace/triton-custom/python/triton/language/standard.py:263"
4,10920,"v_mov_b32_e32 v85, v81",8,32,0,0,"/sgl-workspace/triton-custom/python/triton/language/standard.py:293"
4,10924,"v_mov_b32_e32 v84, v80",8,32,0,0,"/sgl-workspace/triton-custom/python/triton/language/standard.py:293"
4,10928,"v_pk_add_f32 v[8:9], v[78:79], v[8:9] neg_lo:[0,1] neg_hi:[0,1]",8,32,0,0,"/sgl-workspace/sglang/python/sglang/kernels/ops/attention/fla/fused_recurrent.py:531"
4,10936,"v_mov_b32_dpp v85, v85 quad_perm:[2,3,0,1] row_mask:0xf bank_mask:0xf",8,32,0,0,"/sgl-workspace/triton-custom/python/triton/language/standard.py:293"
4,10944,"v_mov_b32_dpp v84, v84 quad_perm:[2,3,0,1] row_mask:0xf bank_mask:0xf",8,32,0,0,"/sgl-workspace/triton-custom/python/triton/language/standard.py:293"
4,10952,"v_pk_mul_f32 v[78:79], v[86:87], v[8:9] op_sel_hi:[0,1]",8,32,0,0,"/sgl-workspace/sglang/python/sglang/kernels/ops/attention/fla/fused_recurrent.py:532"
4,10960,"v_pk_add_f32 v[84:85], v[80:81], v[84:85]",8,32,0,0,"/sgl-workspace/triton-custom/python/triton/language/standard.py:263"
4,10968,"v_pk_fma_f32 v[80:81], v[58:59], v[78:79], v[20:21] op_sel:[1,0,0] op_sel_hi:[0,1,1]",8,32,0,0,"/sgl-workspace/sglang/python/sglang/kernels/ops/attention/fla/fused_recurrent.py:533"
4,10976,"v_pk_fma_f32 v[8:9], v[58:59], v[78:79], v[100:101]",8,32,0,0,"/sgl-workspace/sglang/python/sglang/kernels/ops/attention/fla/fused_recurrent.py:533"
4,10984,"v_pk_mul_f32 v[20:21], v[76:77], v[80:81] op_sel:[1,0] op_sel_hi:[0,1]",8,32,0,0,"/sgl-workspace/sglang/python/sglang/kernels/ops/attention/fla/fused_recurrent.py:534"
4,10992,"v_pk_fma_f32 v[10:11], v[70:71], v[78:79], v[22:23] op_sel_hi:[0,1,1]",8,32,0,0,"/sgl-workspace/sglang/python/sglang/kernels/ops/attention/fla/fused_recurrent.py:533"
4,11000,"v_pk_fma_f32 v[20:21], v[76:77], v[8:9], v[20:21]",8,32,0,0,"/sgl-workspace/triton-custom/python/triton/language/standard.py:263"
4,11008,"v_pk_fma_f32 v[78:79], v[72:73], v[78:79], v[102:103] op_sel_hi:[0,1,1]",8,32,0,0,"/sgl-workspace/sglang/python/sglang/kernels/ops/attention/fla/fused_recurrent.py:533"
4,11016,"v_pk_fma_f32 v[20:21], v[64:65], v[10:11], v[20:21] op_sel_hi:[0,1,1]",8,32,0,0,"/sgl-workspace/triton-custom/python/triton/language/standard.py:263"
4,11024,"v_pk_fma_f32 v[20:21], v[74:75], v[78:79], v[20:21] op_sel_hi:[0,1,1]",8,32,0,0,"/sgl-workspace/triton-custom/python/triton/language/standard.py:263"
4,11032,"ds_swizzle_b32 v23, v21 offset:swizzle(SWAP,16)",8,32,0,64,"/sgl-workspace/triton-custom/python/triton/language/standard.py:293"
4,11040,"ds_swizzle_b32 v22, v20 offset:swizzle(SWAP,16)",8,32,0,0,"/sgl-workspace/triton-custom/python/triton/language/standard.py:293"
4,11048,"v_mov_b32_e32 v100, v44",8,32,0,0,"/sgl-workspace/sglang/python/sglang/kernels/ops/attention/fla/fused_recurrent.py:530"
4,11052,"v_mov_b32_e32 v101, v41",8,32,0,0,"/sgl-workspace/sglang/python/sglang/kernels/ops/attention/fla/fused_recurrent.py:530"
4,11056,"v_pk_mul_f32 v[100:101], v[100:101], v[98:99]",8,32,0,0,"/sgl-workspace/sglang/python/sglang/kernels/ops/attention/fla/fused_recurrent.py:530"
4,11064,"v_pk_mov_b32 v[40:41], v[44:45], v[40:41] op_sel:[1,0]",8,32,0,0,"/sgl-workspace/sglang/python/sglang/kernels/ops/attention/fla/fused_recurrent.py:530"
4,11072,"s_waitcnt lgkmcnt(0)",8,236,236,0,"/sgl-workspace/triton-custom/python/triton/language/standard.py:263"
4,11076,"v_pk_add_f32 v[20:21], v[20:21], v[22:23]",8,32,0,0,"/sgl-workspace/triton-custom/python/triton/language/standard.py:263"
4,11084,"v_mov_b32_e32 v102, v46",8,32,0,0,"/sgl-workspace/sglang/python/sglang/kernels/ops/attention/fla/fused_recurrent.py:530"
4,11088,"v_mov_b32_e32 v23, v21",8,32,0,0,"/sgl-workspace/triton-custom/python/triton/language/standard.py:293"
4,11092,"v_mov_b32_e32 v22, v20",8,32,0,0,"/sgl-workspace/triton-custom/python/triton/language/standard.py:293"
4,11096,"v_mov_b32_e32 v103, v42",8,32,0,0,"/sgl-workspace/sglang/python/sglang/kernels/ops/attention/fla/fused_recurrent.py:530"
4,11100,"v_mov_b32_dpp v23, v23 row_shr:8 row_mask:0xf bank_mask:0xc",8,32,0,0,"/sgl-workspace/triton-custom/python/triton/language/standard.py:293"
4,11108,"v_mov_b32_dpp v22, v22 row_shr:8 row_mask:0xf bank_mask:0xc",8,32,0,0,"/sgl-workspace/triton-custom/python/triton/language/standard.py:293"
4,11116,"v_mov_b32_e32 v42, v47",8,32,0,0,"/sgl-workspace/sglang/python/sglang/kernels/ops/attention/fla/fused_recurrent.py:530"
4,11120,"v_pk_mul_f32 v[40:41], v[40:41], v[98:99] op_sel:[0,1] op_sel_hi:[1,0]",8,32,0,0,"/sgl-workspace/sglang/python/sglang/kernels/ops/attention/fla/fused_recurrent.py:530"
4,11128,"v_pk_mul_f32 v[46:47], v[58:59], v[100:101]",8,32,0,0,"/sgl-workspace/sglang/python/sglang/kernels/ops/attention/fla/fused_recurrent.py:531"
4,11136,"v_mov_b32_dpp v23, v21 row_shl:8 row_mask:0xf bank_mask:0x3",8,32,0,0,"/sgl-workspace/triton-custom/python/triton/language/standard.py:293"
4,11144,"v_mov_b32_dpp v22, v20 row_shl:8 row_mask:0xf bank_mask:0x3",8,32,0,0,"/sgl-workspace/triton-custom/python/triton/language/standard.py:293"
4,11152,"v_pk_mul_f32 v[44:45], v[102:103], v[94:95] op_sel_hi:[1,0]",8,32,0,0,"/sgl-workspace/sglang/python/sglang/kernels/ops/attention/fla/fused_recurrent.py:530"
4,11160,"v_pk_fma_f32 v[46:47], v[58:59], v[40:41], v[46:47] op_sel:[1,0,0] op_sel_hi:[0,1,1]",8,32,0,0,"/sgl-workspace/triton-custom/python/triton/language/standard.py:263"
4,11168,"v_pk_add_f32 v[20:21], v[20:21], v[22:23]",8,32,0,0,"/sgl-workspace/triton-custom/python/triton/language/standard.py:263"
4,11176,"v_pk_mul_f32 v[42:43], v[42:43], v[92:93] op_sel_hi:[1,0]",8,32,0,0,"/sgl-workspace/sglang/python/sglang/kernels/ops/attention/fla/fused_recurrent.py:530"
4,11184,"v_pk_fma_f32 v[46:47], v[70:71], v[44:45], v[46:47] op_sel_hi:[0,1,1]",8,32,0,0,"/sgl-workspace/triton-custom/python/triton/language/standard.py:263"
4,11192,"v_mov_b32_e32 v23, v21",8,32,0,0,"/sgl-workspace/triton-custom/python/triton/language/standard.py:293"
4,11196,"v_mov_b32_e32 v22, v20",8,32,0,0,"/sgl-workspace/triton-custom/python/triton/language/standard.py:293"
4,11200,"v_pk_fma_f32 v[46:47], v[72:73], v[42:43], v[46:47] op_sel_hi:[0,1,1]",8,32,0,0,"/sgl-workspace/triton-custom/python/triton/language/standard.py:263"
4,11208,"v_mov_b32_dpp v23, v23 row_shr:4 row_mask:0xf bank_mask:0xa",8,32,0,0,"/sgl-workspace/triton-custom/python/triton/language/standard.py:293"
4,11216,"v_mov_b32_dpp v22, v22 row_shr:4 row_mask:0xf bank_mask:0xa",8,32,0,0,"/sgl-workspace/triton-custom/python/triton/language/standard.py:293"
4,11224,"ds_swizzle_b32 v103, v47 offset:swizzle(SWAP,16)",8,32,0,64,"/sgl-workspace/triton-custom/python/triton/language/standard.py:293"
4,11232,"ds_swizzle_b32 v102, v46 offset:swizzle(SWAP,16)",8,32,0,0,"/sgl-workspace/triton-custom/python/triton/language/standard.py:293"
4,11240,"v_mov_b32_dpp v23, v21 row_shl:4 row_mask:0xf bank_mask:0x5",8,32,0,0,"/sgl-workspace/triton-custom/python/triton/language/standard.py:293"
4,11248,"v_mov_b32_dpp v22, v20 row_shl:4 row_mask:0xf bank_mask:0x5",8,32,0,0,"/sgl-workspace/triton-custom/python/triton/language/standard.py:293"
4,11256,"v_pk_add_f32 v[20:21], v[20:21], v[22:23]",8,32,0,0,"/sgl-workspace/triton-custom/python/triton/language/standard.py:263"
4,11264,"v_pk_fma_f32 v[62:63], v[72:73], v[62:63], v[118:119] op_sel_hi:[0,1,1]",8,32,0,0,"/sgl-workspace/sglang/python/sglang/kernels/ops/attention/fla/fused_recurrent.py:533"
4,11272,"v_mov_b32_e32 v119, v85",8,32,0,0,"/sgl-workspace/triton-custom/python/triton/language/standard.py:293"
4,11276,"v_mov_b32_e32 v118, v84",8,32,0,0,"/sgl-workspace/triton-custom/python/triton/language/standard.py:293"
4,11280,"v_mov_b32_e32 v23, v21",8,32,0,0,"/sgl-workspace/triton-custom/python/triton/language/standard.py:293"
4,11284,"v_mov_b32_e32 v22, v20",8,32,0,0,"/sgl-workspace/triton-custom/python/triton/language/standard.py:293"
4,11288,"v_mov_b32_dpp v119, v119 quad_perm:[1,0,3,2] row_mask:0xf bank_mask:0xf",8,32,0,0,"/sgl-workspace/triton-custom/python/triton/language/standard.py:293"
4,11296,"v_mov_b32_dpp v118, v118 quad_perm:[1,0,3,2] row_mask:0xf bank_mask:0xf",8,32,0,0,"/sgl-workspace/triton-custom/python/triton/language/standard.py:293"
4,11304,"v_mov_b32_dpp v23, v23 quad_perm:[2,3,0,1] row_mask:0xf bank_mask:0xf",8,32,0,0,"/sgl-workspace/triton-custom/python/triton/language/standard.py:293"
4,11312,"v_mov_b32_dpp v22, v22 quad_perm:[2,3,0,1] row_mask:0xf bank_mask:0xf",8,32,0,0,"/sgl-workspace/triton-custom/python/triton/language/standard.py:293"
4,11320,"v_pk_add_f32 v[84:85], v[84:85], v[118:119]",8,32,0,0,"/sgl-workspace/triton-custom/python/triton/language/standard.py:263"
4,11328,"v_pk_add_f32 v[118:119], v[20:21], v[22:23]",8,32,0,0,"/sgl-workspace/triton-custom/python/triton/language/standard.py:263"
4,11336,"s_waitcnt lgkmcnt(0)",8,32,32,0,"/sgl-workspace/triton-custom/python/triton/language/standard.py:263"
4,11340,"v_pk_add_f32 v[20:21], v[46:47], v[102:103]",8,32,0,0,"/sgl-workspace/triton-custom/python/triton/language/standard.py:263"
4,11348,"v_mov_b32_e32 v102, v38",8,32,0,0,"/sgl-workspace/sglang/python/sglang/kernels/ops/attention/fla/fused_recurrent.py:530"
4,11352,"v_mov_b32_e32 v23, v21",8,32,0,0,"/sgl-workspace/triton-custom/python/triton/language/standard.py:293"
4,11356,"v_mov_b32_e32 v22, v20",8,32,0,0,"/sgl-workspace/triton-custom/python/triton/language/standard.py:293"
4,11360,"v_mov_b32_e32 v103, v34",8,32,0,0,"/sgl-workspace/sglang/python/sglang/kernels/ops/attention/fla/fused_recurrent.py:530"
4,11364,"v_mov_b32_dpp v23, v23 row_shr:8 row_mask:0xf bank_mask:0xc",8,32,0,0,"/sgl-workspace/triton-custom/python/triton/language/standard.py:293"
4,11372,"v_mov_b32_dpp v22, v22 row_shr:8 row_mask:0xf bank_mask:0xc",8,32,0,0,"/sgl-workspace/triton-custom/python/triton/language/standard.py:293"
4,11380,"v_mov_b32_e32 v34, v39",8,32,0,0,"/sgl-workspace/sglang/python/sglang/kernels/ops/attention/fla/fused_recurrent.py:530"
4,11384,"v_mov_b32_dpp v23, v21 row_shl:8 row_mask:0xf bank_mask:0x3",8,32,0,0,"/sgl-workspace/triton-custom/python/triton/language/standard.py:293"
4,11392,"v_mov_b32_dpp v22, v20 row_shl:8 row_mask:0xf bank_mask:0x3",8,32,0,0,"/sgl-workspace/triton-custom/python/triton/language/standard.py:293"
4,11400,"v_pk_add_f32 v[20:21], v[20:21], v[22:23]",8,32,0,0,"/sgl-workspace/triton-custom/python/triton/language/standard.py:263"
4,11408,"v_pk_mul_f32 v[38:39], v[102:103], v[94:95] op_sel_hi:[1,0]",8,32,0,0,"/sgl-workspace/sglang/python/sglang/kernels/ops/attention/fla/fused_recurrent.py:530"
4,11416,"v_mov_b32_e32 v23, v21",8,32,0,0,"/sgl-workspace/triton-custom/python/triton/language/standard.py:293"
4,11420,"v_mov_b32_e32 v22, v20",8,32,0,0,"/sgl-workspace/triton-custom/python/triton/language/standard.py:293"
4,11424,"v_pk_mul_f32 v[102:103], v[34:35], v[92:93] op_sel_hi:[1,0]",8,32,0,0,"/sgl-workspace/sglang/python/sglang/kernels/ops/attention/fla/fused_recurrent.py:530"
4,11432,"v_mov_b32_dpp v23, v23 row_shr:4 row_mask:0xf bank_mask:0xa",8,32,0,0,"/sgl-workspace/triton-custom/python/triton/language/standard.py:293"
4,11440,"v_mov_b32_dpp v22, v22 row_shr:4 row_mask:0xf bank_mask:0xa",8,32,0,0,"/sgl-workspace/triton-custom/python/triton/language/standard.py:293"
4,11448,"v_mov_b32_e32 v121, v119",8,32,0,0,"/sgl-workspace/triton-custom/python/triton/language/standard.py:293"
4,11452,"v_mov_b32_dpp v23, v21 row_shl:4 row_mask:0xf bank_mask:0x5",8,32,0,0,"/sgl-workspace/triton-custom/python/triton/language/standard.py:293"
4,11460,"v_mov_b32_dpp v22, v20 row_shl:4 row_mask:0xf bank_mask:0x5",8,32,0,0,"/sgl-workspace/triton-custom/python/triton/language/standard.py:293"
4,11468,"v_pk_add_f32 v[20:21], v[20:21], v[22:23]",8,32,0,0,"/sgl-workspace/triton-custom/python/triton/language/standard.py:263"
4,11476,"v_mov_b32_e32 v120, v118",8,32,0,0,"/sgl-workspace/triton-custom/python/triton/language/standard.py:293"
4,11480,"v_mov_b32_e32 v23, v21",8,32,0,0,"/sgl-workspace/triton-custom/python/triton/language/standard.py:293"
4,11484,"v_mov_b32_e32 v22, v20",8,32,0,0,"/sgl-workspace/triton-custom/python/triton/language/standard.py:293"
4,11488,"v_mov_b32_dpp v121, v121 quad_perm:[1,0,3,2] row_mask:0xf bank_mask:0xf",8,32,0,0,"/sgl-workspace/triton-custom/python/triton/language/standard.py:293"
4,11496,"v_mov_b32_dpp v23, v23 quad_perm:[2,3,0,1] row_mask:0xf bank_mask:0xf",8,32,0,0,"/sgl-workspace/triton-custom/python/triton/language/standard.py:293"
4,11504,"v_mov_b32_dpp v22, v22 quad_perm:[2,3,0,1] row_mask:0xf bank_mask:0xf",8,32,0,0,"/sgl-workspace/triton-custom/python/triton/language/standard.py:293"
4,11512,"v_pk_add_f32 v[20:21], v[20:21], v[22:23]",8,32,0,0,"/sgl-workspace/triton-custom/python/triton/language/standard.py:263"
4,11520,"v_mov_b32_dpp v120, v120 quad_perm:[1,0,3,2] row_mask:0xf bank_mask:0xf",8,32,0,0,"/sgl-workspace/triton-custom/python/triton/language/standard.py:293"
4,11528,"v_mov_b32_e32 v23, v21",8,32,0,0,"/sgl-workspace/triton-custom/python/triton/language/standard.py:293"
4,11532,"v_mov_b32_e32 v22, v20",8,32,0,0,"/sgl-workspace/triton-custom/python/triton/language/standard.py:293"
4,11536,"s_nop 0",8,32,32,0,"/sgl-workspace/triton-custom/python/triton/language/standard.py:293"
4,11540,"v_mov_b32_dpp v23, v23 quad_perm:[1,0,3,2] row_mask:0xf bank_mask:0xf",8,32,0,0,"/sgl-workspace/triton-custom/python/triton/language/standard.py:293"
4,11548,"v_mov_b32_dpp v22, v22 quad_perm:[1,0,3,2] row_mask:0xf bank_mask:0xf",8,32,0,0,"/sgl-workspace/triton-custom/python/triton/language/standard.py:293"
4,11556,"v_pk_add_f32 v[20:21], v[20:21], v[22:23]",8,32,0,0,"/sgl-workspace/triton-custom/python/triton/language/standard.py:263"
4,11564,"s_nop 0",8,32,32,0,"/sgl-workspace/sglang/python/sglang/kernels/ops/attention/fla/fused_recurrent.py:531"
4,11568,"v_pk_add_f32 v[20:21], v[96:97], v[20:21] neg_lo:[0,1] neg_hi:[0,1]",8,32,0,0,"/sgl-workspace/sglang/python/sglang/kernels/ops/attention/fla/fused_recurrent.py:531"
4,11576,"s_nop 0",8,32,32,0,"/sgl-workspace/sglang/python/sglang/kernels/ops/attention/fla/fused_recurrent.py:532"
4,11580,"v_pk_mul_f32 v[46:47], v[86:87], v[20:21] op_sel_hi:[0,1]",8,32,0,0,"/sgl-workspace/sglang/python/sglang/kernels/ops/attention/fla/fused_recurrent.py:532"
4,11588,"v_pk_fma_f32 v[20:21], v[58:59], v[46:47], v[100:101]",8,32,0,0,"/sgl-workspace/sglang/python/sglang/kernels/ops/attention/fla/fused_recurrent.py:533"
4,11596,"v_mov_b32_e32 v100, v36",8,32,0,0,"/sgl-workspace/sglang/python/sglang/kernels/ops/attention/fla/fused_recurrent.py:530"
4,11600,"v_mov_b32_e32 v101, v33",8,32,0,0,"/sgl-workspace/sglang/python/sglang/kernels/ops/attention/fla/fused_recurrent.py:530"
4,11604,"v_pk_mul_f32 v[100:101], v[100:101], v[98:99]",8,32,0,0,"/sgl-workspace/sglang/python/sglang/kernels/ops/attention/fla/fused_recurrent.py:530"
4,11612,"v_pk_mov_b32 v[32:33], v[36:37], v[32:33] op_sel:[1,0]",8,32,0,0,"/sgl-workspace/sglang/python/sglang/kernels/ops/attention/fla/fused_recurrent.py:530"
4,11620,"v_pk_fma_f32 v[40:41], v[58:59], v[46:47], v[40:41] op_sel:[1,0,0] op_sel_hi:[0,1,1]",8,32,0,0,"/sgl-workspace/sglang/python/sglang/kernels/ops/attention/fla/fused_recurrent.py:533"
4,11628,"v_pk_mul_f32 v[36:37], v[32:33], v[98:99] op_sel:[0,1] op_sel_hi:[1,0]",8,32,0,0,"/sgl-workspace/sglang/python/sglang/kernels/ops/attention/fla/fused_recurrent.py:530"
4,11636,"v_pk_mul_f32 v[32:33], v[58:59], v[100:101]",8,32,0,0,"/sgl-workspace/sglang/python/sglang/kernels/ops/attention/fla/fused_recurrent.py:531"
4,11644,"v_pk_fma_f32 v[22:23], v[70:71], v[46:47], v[44:45] op_sel_hi:[0,1,1]",8,32,0,32,"/sgl-workspace/sglang/python/sglang/kernels/ops/attention/fla/fused_recurrent.py:533"
4,11652,"v_pk_fma_f32 v[32:33], v[58:59], v[36:37], v[32:33] op_sel:[1,0,0] op_sel_hi:[0,1,1]",8,32,0,0,"/sgl-workspace/triton-custom/python/triton/language/standard.py:263"
4,11660,"v_pk_fma_f32 v[32:33], v[70:71], v[38:39], v[32:33] op_sel_hi:[0,1,1]",8,32,0,0,"/sgl-workspace/triton-custom/python/triton/language/standard.py:263"
4,11668,"v_pk_fma_f32 v[32:33], v[72:73], v[102:103], v[32:33] op_sel_hi:[0,1,1]",8,32,0,0,"/sgl-workspace/triton-custom/python/triton/language/standard.py:263"
4,11676,"ds_swizzle_b32 v35, v33 offset:swizzle(SWAP,16)",8,32,0,64,"/sgl-workspace/triton-custom/python/triton/language/standard.py:293"
4,11684,"ds_swizzle_b32 v34, v32 offset:swizzle(SWAP,16)",8,32,0,0,"/sgl-workspace/triton-custom/python/triton/language/standard.py:293"
4,11692,"v_pk_mul_f32 v[44:45], v[76:77], v[40:41] op_sel:[1,0] op_sel_hi:[0,1]",8,32,0,0,"/sgl-workspace/sglang/python/sglang/kernels/ops/attention/fla/fused_recurrent.py:534"
4,11700,"v_pk_fma_f32 v[44:45], v[76:77], v[20:21], v[44:45]",8,32,0,0,"/sgl-workspace/triton-custom/python/triton/language/standard.py:263"
4,11708,"v_pk_fma_f32 v[42:43], v[72:73], v[46:47], v[42:43] op_sel_hi:[0,1,1]",8,32,0,32,"/sgl-workspace/sglang/python/sglang/kernels/ops/attention/fla/fused_recurrent.py:533"
4,11716,"v_pk_fma_f32 v[44:45], v[64:65], v[22:23], v[44:45] op_sel_hi:[0,1,1]",8,32,0,0,"/sgl-workspace/triton-custom/python/triton/language/standard.py:263"
4,11724,"s_waitcnt lgkmcnt(0)",8,204,204,0,"/sgl-workspace/triton-custom/python/triton/language/standard.py:263"
4,11728,"v_pk_add_f32 v[32:33], v[32:33], v[34:35]",8,32,0,0,"/sgl-workspace/triton-custom/python/triton/language/standard.py:263"
4,11736,"v_pk_fma_f32 v[46:47], v[74:75], v[42:43], v[44:45] op_sel_hi:[0,1,1]",8,32,0,0,"/sgl-workspace/triton-custom/python/triton/language/standard.py:263"
4,11744,"v_mov_b32_e32 v35, v33",8,32,0,0,"/sgl-workspace/triton-custom/python/triton/language/standard.py:293"
4,11748,"v_mov_b32_e32 v34, v32",8,32,0,0,"/sgl-workspace/triton-custom/python/triton/language/standard.py:293"
4,11752,"ds_swizzle_b32 v97, v47 offset:swizzle(SWAP,16)",8,32,0,64,"/sgl-workspace/triton-custom/python/triton/language/standard.py:293"
4,11760,"v_mov_b32_dpp v35, v35 row_shr:8 row_mask:0xf bank_mask:0xc",8,32,0,0,"/sgl-workspace/triton-custom/python/triton/language/standard.py:293"
4,11768,"v_mov_b32_dpp v34, v34 row_shr:8 row_mask:0xf bank_mask:0xc",8,32,0,0,"/sgl-workspace/triton-custom/python/triton/language/standard.py:293"
4,11776,"ds_swizzle_b32 v96, v46 offset:swizzle(SWAP,16)",8,32,0,64,"/sgl-workspace/triton-custom/python/triton/language/standard.py:293"
4,11784,"v_mov_b32_dpp v35, v33 row_shl:8 row_mask:0xf bank_mask:0x3",8,32,0,0,"/sgl-workspace/triton-custom/python/triton/language/standard.py:293"
4,11792,"v_mov_b32_dpp v34, v32 row_shl:8 row_mask:0xf bank_mask:0x3",8,32,0,0,"/sgl-workspace/triton-custom/python/triton/language/standard.py:293"
4,11800,"v_pk_add_f32 v[32:33], v[32:33], v[34:35]",8,32,0,0,"/sgl-workspace/triton-custom/python/triton/language/standard.py:263"
4,11808,"v_pk_add_f32 v[44:45], v[118:119], v[120:121]",8,32,0,0,"/sgl-workspace/triton-custom/python/triton/language/standard.py:263"
4,11816,"v_mov_b32_e32 v35, v33",8,32,0,0,"/sgl-workspace/triton-custom/python/triton/language/standard.py:293"
4,11820,"v_mov_b32_e32 v34, v32",8,32,0,0,"/sgl-workspace/triton-custom/python/triton/language/standard.py:293"
4,11824,"s_waitcnt lgkmcnt(0)",8,172,172,0,"/sgl-workspace/triton-custom/python/triton/language/standard.py:263"
4,11828,"v_pk_add_f32 v[46:47], v[46:47], v[96:97]",8,32,0,0,"/sgl-workspace/triton-custom/python/triton/language/standard.py:263"
4,11836,"v_mov_b32_dpp v35, v35 row_shr:4 row_mask:0xf bank_mask:0xa",8,32,0,0,"/sgl-workspace/triton-custom/python/triton/language/standard.py:293"
4,11844,"v_mov_b32_dpp v34, v34 row_shr:4 row_mask:0xf bank_mask:0xa",8,32,0,0,"/sgl-workspace/triton-custom/python/triton/language/standard.py:293"
4,11852,"v_mov_b32_e32 v97, v47",8,32,0,0,"/sgl-workspace/triton-custom/python/triton/language/standard.py:293"
4,11856,"v_mov_b32_dpp v35, v33 row_shl:4 row_mask:0xf bank_mask:0x5",8,32,0,0,"/sgl-workspace/triton-custom/python/triton/language/standard.py:293"
4,11864,"v_mov_b32_dpp v34, v32 row_shl:4 row_mask:0xf bank_mask:0x5",8,32,0,0,"/sgl-workspace/triton-custom/python/triton/language/standard.py:293"
4,11872,"v_pk_add_f32 v[32:33], v[32:33], v[34:35]",8,32,0,0,"/sgl-workspace/triton-custom/python/triton/language/standard.py:263"
4,11880,"v_mov_b32_e32 v96, v46",8,32,0,0,"/sgl-workspace/triton-custom/python/triton/language/standard.py:293"
4,11884,"v_mov_b32_e32 v35, v33",8,32,0,0,"/sgl-workspace/triton-custom/python/triton/language/standard.py:293"
4,11888,"v_mov_b32_e32 v34, v32",8,32,0,0,"/sgl-workspace/triton-custom/python/triton/language/standard.py:293"
4,11892,"v_mov_b32_dpp v97, v97 row_shr:8 row_mask:0xf bank_mask:0xc",8,32,0,0,"/sgl-workspace/triton-custom/python/triton/language/standard.py:293"
4,11900,"v_mov_b32_dpp v35, v35 quad_perm:[2,3,0,1] row_mask:0xf bank_mask:0xf",8,32,0,0,"/sgl-workspace/triton-custom/python/triton/language/standard.py:293"
4,11908,"v_mov_b32_dpp v34, v34 quad_perm:[2,3,0,1] row_mask:0xf bank_mask:0xf",8,32,0,0,"/sgl-workspace/triton-custom/python/triton/language/standard.py:293"
4,11916,"v_pk_add_f32 v[32:33], v[32:33], v[34:35]",8,32,0,0,"/sgl-workspace/triton-custom/python/triton/language/standard.py:263"
4,11924,"v_mov_b32_dpp v96, v96 row_shr:8 row_mask:0xf bank_mask:0xc",8,32,0,0,"/sgl-workspace/triton-custom/python/triton/language/standard.py:293"
4,11932,"v_mov_b32_e32 v35, v33",8,32,0,0,"/sgl-workspace/triton-custom/python/triton/language/standard.py:293"
4,11936,"v_mov_b32_e32 v34, v32",8,32,0,0,"/sgl-workspace/triton-custom/python/triton/language/standard.py:293"
4,11940,"v_mov_b32_dpp v97, v47 row_shl:8 row_mask:0xf bank_mask:0x3",8,32,0,0,"/sgl-workspace/triton-custom/python/triton/language/standard.py:293"
4,11948,"v_mov_b32_dpp v35, v35 quad_perm:[1,0,3,2] row_mask:0xf bank_mask:0xf",8,32,0,0,"/sgl-workspace/triton-custom/python/triton/language/standard.py:293"
4,11956,"v_mov_b32_dpp v34, v34 quad_perm:[1,0,3,2] row_mask:0xf bank_mask:0xf",8,32,0,0,"/sgl-workspace/triton-custom/python/triton/language/standard.py:293"
4,11964,"v_pk_add_f32 v[32:33], v[32:33], v[34:35]",8,32,0,0,"/sgl-workspace/triton-custom/python/triton/language/standard.py:263"
4,11972,"v_mov_b32_dpp v96, v46 row_shl:8 row_mask:0xf bank_mask:0x3",8,32,0,0,"/sgl-workspace/triton-custom/python/triton/language/standard.py:293"
4,11980,"v_pk_add_f32 v[32:33], v[90:91], v[32:33] neg_lo:[0,1] neg_hi:[0,1]",8,32,0,0,"/sgl-workspace/sglang/python/sglang/kernels/ops/attention/fla/fused_recurrent.py:531"
4,11988,"v_pk_add_f32 v[46:47], v[46:47], v[96:97]",8,32,0,0,"/sgl-workspace/triton-custom/python/triton/language/standard.py:263"
4,11996,"v_pk_mul_f32 v[90:91], v[86:87], v[32:33] op_sel_hi:[0,1]",8,32,0,32,"/sgl-workspace/sglang/python/sglang/kernels/ops/attention/fla/fused_recurrent.py:532"
4,12004,"v_pk_fma_f32 v[36:37], v[58:59], v[90:91], v[36:37] op_sel:[1,0,0] op_sel_hi:[0,1,1]",8,32,0,0,"/sgl-workspace/sglang/python/sglang/kernels/ops/attention/fla/fused_recurrent.py:533"
4,12012,"v_pk_fma_f32 v[32:33], v[58:59], v[90:91], v[100:101]",8,32,0,0,"/sgl-workspace/sglang/python/sglang/kernels/ops/attention/fla/fused_recurrent.py:533"
4,12020,"v_pk_fma_f32 v[34:35], v[70:71], v[90:91], v[38:39] op_sel_hi:[0,1,1]",8,32,0,0,"/sgl-workspace/sglang/python/sglang/kernels/ops/attention/fla/fused_recurrent.py:533"
4,12028,"v_pk_fma_f32 v[38:39], v[72:73], v[90:91], v[102:103] op_sel_hi:[0,1,1]",8,32,0,32,"/sgl-workspace/sglang/python/sglang/kernels/ops/attention/fla/fused_recurrent.py:533"
4,12036,"v_pk_mul_f32 v[90:91], v[76:77], v[36:37] op_sel:[1,0] op_sel_hi:[0,1]",8,32,0,0,"/sgl-workspace/sglang/python/sglang/kernels/ops/attention/fla/fused_recurrent.py:534"
4,12044,"v_mov_b32_e32 v97, v47",8,32,0,0,"/sgl-workspace/triton-custom/python/triton/language/standard.py:293"
4,12048,"v_mov_b32_e32 v96, v46",8,32,0,0,"/sgl-workspace/triton-custom/python/triton/language/standard.py:293"
4,12052,"v_pk_fma_f32 v[90:91], v[76:77], v[32:33], v[90:91]",8,32,0,0,"/sgl-workspace/triton-custom/python/triton/language/standard.py:263"
4,12060,"v_mov_b32_dpp v97, v97 row_shr:4 row_mask:0xf bank_mask:0xa",8,32,0,0,"/sgl-workspace/triton-custom/python/triton/language/standard.py:293"
4,12068,"v_mov_b32_dpp v96, v96 row_shr:4 row_mask:0xf bank_mask:0xa",8,32,0,0,"/sgl-workspace/triton-custom/python/triton/language/standard.py:293"
4,12076,"v_pk_fma_f32 v[90:91], v[64:65], v[34:35], v[90:91] op_sel_hi:[0,1,1]",8,32,0,0,"/sgl-workspace/triton-custom/python/triton/language/standard.py:263"
4,12084,"v_mov_b32_dpp v97, v47 row_shl:4 row_mask:0xf bank_mask:0x5",8,32,0,0,"/sgl-workspace/triton-custom/python/triton/language/standard.py:293"
4,12092,"v_mov_b32_dpp v96, v46 row_shl:4 row_mask:0xf bank_mask:0x5",8,32,0,32,"/sgl-workspace/triton-custom/python/triton/language/standard.py:293"
4,12100,"v_pk_fma_f32 v[90:91], v[74:75], v[38:39], v[90:91] op_sel_hi:[0,1,1]",8,32,0,0,"/sgl-workspace/triton-custom/python/triton/language/standard.py:263"
4,12108,"v_pk_add_f32 v[46:47], v[46:47], v[96:97]",8,32,0,0,"/sgl-workspace/triton-custom/python/triton/language/standard.py:263"
4,12116,"ds_swizzle_b32 v101, v91 offset:swizzle(SWAP,16)",8,32,0,64,"/sgl-workspace/triton-custom/python/triton/language/standard.py:293"
4,12124,"ds_swizzle_b32 v100, v90 offset:swizzle(SWAP,16)",8,32,0,0,"/sgl-workspace/triton-custom/python/triton/language/standard.py:293"
4,12132,"v_mov_b32_e32 v97, v47",8,32,0,0,"/sgl-workspace/triton-custom/python/triton/language/standard.py:293"
4,12136,"v_mov_b32_e32 v96, v46",8,32,0,0,"/sgl-workspace/triton-custom/python/triton/language/standard.py:293"
4,12140,"v_mov_b32_e32 v102, v30",8,32,0,0,"/sgl-workspace/sglang/python/sglang/kernels/ops/attention/fla/fused_recurrent.py:530"
4,12144,"v_mov_b32_dpp v97, v97 quad_perm:[2,3,0,1] row_mask:0xf bank_mask:0xf",8,32,0,0,"/sgl-workspace/triton-custom/python/triton/language/standard.py:293"
4,12152,"v_mov_b32_dpp v96, v96 quad_perm:[2,3,0,1] row_mask:0xf bank_mask:0xf",8,32,0,0,"/sgl-workspace/triton-custom/python/triton/language/standard.py:293"
4,12160,"v_pk_add_f32 v[46:47], v[46:47], v[96:97]",8,32,0,0,"/sgl-workspace/triton-custom/python/triton/language/standard.py:263"
4,12168,"s_waitcnt lgkmcnt(0)",8,172,172,0,"/sgl-workspace/triton-custom/python/triton/language/standard.py:263"
4,12172,"v_pk_add_f32 v[90:91], v[90:91], v[100:101]",8,32,0,0,"/sgl-workspace/triton-custom/python/triton/language/standard.py:263"
4,12180,"v_mov_b32_e32 v97, v47",8,32,0,0,"/sgl-workspace/triton-custom/python/triton/language/standard.py:293"
4,12184,"v_mov_b32_e32 v96, v46",8,32,0,0,"/sgl-workspace/triton-custom/python/triton/language/standard.py:293"
4,12188,"v_mov_b32_e32 v103, v26",8,32,0,0,"/sgl-workspace/sglang/python/sglang/kernels/ops/attention/fla/fused_recurrent.py:530"
4,12192,"v_mov_b32_dpp v97, v97 quad_perm:[1,0,3,2] row_mask:0xf bank_mask:0xf",8,32,0,0,"/sgl-workspace/triton-custom/python/triton/language/standard.py:293"
4,12200,"v_mov_b32_dpp v96, v96 quad_perm:[1,0,3,2] row_mask:0xf bank_mask:0xf",8,32,0,0,"/sgl-workspace/triton-custom/python/triton/language/standard.py:293"
4,12208,"v_pk_add_f32 v[46:47], v[46:47], v[96:97]",8,32,0,0,"/sgl-workspace/triton-custom/python/triton/language/standard.py:263"
4,12216,"v_mov_b32_e32 v97, v91",8,32,0,0,"/sgl-workspace/triton-custom/python/triton/language/standard.py:293"
4,12220,"v_mov_b32_e32 v96, v90",8,32,0,0,"/sgl-workspace/triton-custom/python/triton/language/standard.py:293"
4,12224,"v_mov_b32_e32 v26, v31",8,32,0,0,"/sgl-workspace/sglang/python/sglang/kernels/ops/attention/fla/fused_recurrent.py:530"
4,12228,"v_mov_b32_dpp v97, v97 row_shr:8 row_mask:0xf bank_mask:0xc",8,32,0,0,"/sgl-workspace/triton-custom/python/triton/language/standard.py:293"
4,12236,"v_mov_b32_dpp v96, v96 row_shr:8 row_mask:0xf bank_mask:0xc",8,32,0,0,"/sgl-workspace/triton-custom/python/triton/language/standard.py:293"
4,12244,"v_pk_mul_f32 v[30:31], v[102:103], v[94:95] op_sel_hi:[1,0]",8,32,0,0,"/sgl-workspace/sglang/python/sglang/kernels/ops/attention/fla/fused_recurrent.py:530"
4,12252,"v_mov_b32_dpp v97, v91 row_shl:8 row_mask:0xf bank_mask:0x3",8,32,0,0,"/sgl-workspace/triton-custom/python/triton/language/standard.py:293"
4,12260,"v_mov_b32_dpp v96, v90 row_shl:8 row_mask:0xf bank_mask:0x3",8,32,0,0,"/sgl-workspace/triton-custom/python/triton/language/standard.py:293"
4,12268,"v_pk_add_f32 v[90:91], v[90:91], v[96:97]",8,32,0,0,"/sgl-workspace/triton-custom/python/triton/language/standard.py:263"
4,12276,"v_pk_mul_f32 v[102:103], v[26:27], v[92:93] op_sel_hi:[1,0]",8,32,0,0,"/sgl-workspace/sglang/python/sglang/kernels/ops/attention/fla/fused_recurrent.py:530"
4,12284,"v_mov_b32_e32 v97, v91",8,32,0,0,"/sgl-workspace/triton-custom/python/triton/language/standard.py:293"
4,12288,"v_mov_b32_e32 v96, v90",8,32,0,1204,"/sgl-workspace/triton-custom/python/triton/language/standard.py:293"
4,12292,"v_cvt_pk_bf16_f32 v44, v44, s0",8,32,0,0,"/sgl-workspace/sglang/python/sglang/kernels/ops/attention/fla/fused_recurrent.py:535"
4,12300,"v_mov_b32_dpp v97, v97 row_shr:4 row_mask:0xf bank_mask:0xa",8,32,0,0,"/sgl-workspace/triton-custom/python/triton/language/standard.py:293"
4,12308,"v_mov_b32_dpp v96, v96 row_shr:4 row_mask:0xf bank_mask:0xa",8,32,0,0,"/sgl-workspace/triton-custom/python/triton/language/standard.py:293"
4,12316,"v_cvt_pk_bf16_f32 v45, v45, s0",8,32,0,0,"/sgl-workspace/sglang/python/sglang/kernels/ops/attention/fla/fused_recurrent.py:535"
4,12324,"v_mov_b32_dpp v97, v91 row_shl:4 row_mask:0xf bank_mask:0x5",8,32,0,0,"/sgl-workspace/triton-custom/python/triton/language/standard.py:293"
4,12332,"v_mov_b32_dpp v96, v90 row_shl:4 row_mask:0xf bank_mask:0x5",8,32,0,0,"/sgl-workspace/triton-custom/python/triton/language/standard.py:293"
4,12340,"v_pk_add_f32 v[96:97], v[90:91], v[96:97]",8,32,0,0,"/sgl-workspace/triton-custom/python/triton/language/standard.py:263"
4,12348,"v_mov_b32_e32 v90, v28",8,32,0,0,"/sgl-workspace/sglang/python/sglang/kernels/ops/attention/fla/fused_recurrent.py:530"
4,12352,"v_mov_b32_e32 v91, v25",8,32,0,0,"/sgl-workspace/sglang/python/sglang/kernels/ops/attention/fla/fused_recurrent.py:530"
4,12356,"v_pk_mul_f32 v[90:91], v[90:91], v[98:99]",8,32,0,0,"/sgl-workspace/sglang/python/sglang/kernels/ops/attention/fla/fused_recurrent.py:530"
4,12364,"v_pk_mov_b32 v[24:25], v[28:29], v[24:25] op_sel:[1,0]",8,32,0,0,"/sgl-workspace/sglang/python/sglang/kernels/ops/attention/fla/fused_recurrent.py:530"
4,12372,"v_mov_b32_e32 v101, v97",8,32,0,0,"/sgl-workspace/triton-custom/python/triton/language/standard.py:293"
4,12376,"v_pk_mul_f32 v[28:29], v[24:25], v[98:99] op_sel:[0,1] op_sel_hi:[1,0]",8,32,0,0,"/sgl-workspace/sglang/python/sglang/kernels/ops/attention/fla/fused_recurrent.py:530"
4,12384,"v_pk_mul_f32 v[24:25], v[58:59], v[90:91]",8,32,0,0,"/sgl-workspace/sglang/python/sglang/kernels/ops/attention/fla/fused_recurrent.py:531"
4,12392,"v_mov_b32_e32 v100, v96",8,32,0,0,"/sgl-workspace/triton-custom/python/triton/language/standard.py:293"
4,12396,"v_pk_fma_f32 v[24:25], v[58:59], v[28:29], v[24:25] op_sel:[1,0,0] op_sel_hi:[0,1,1]",8,32,0,0,"/sgl-workspace/triton-custom/python/triton/language/standard.py:263"
4,12404,"v_pk_fma_f32 v[24:25], v[70:71], v[30:31], v[24:25] op_sel_hi:[0,1,1]",8,32,0,0,"/sgl-workspace/triton-custom/python/triton/language/standard.py:263"
4,12412,"v_pk_fma_f32 v[24:25], v[72:73], v[102:103], v[24:25] op_sel_hi:[0,1,1]",8,32,0,0,"/sgl-workspace/triton-custom/python/triton/language/standard.py:263"
4,12420,"ds_swizzle_b32 v27, v25 offset:swizzle(SWAP,16)",8,32,0,64,"/sgl-workspace/triton-custom/python/triton/language/standard.py:293"
4,12428,"ds_swizzle_b32 v26, v24 offset:swizzle(SWAP,16)",8,32,0,0,"/sgl-workspace/triton-custom/python/triton/language/standard.py:293"
4,12436,"v_mov_b32_dpp v101, v101 quad_perm:[2,3,0,1] row_mask:0xf bank_mask:0xf",8,32,0,0,"/sgl-workspace/triton-custom/python/triton/language/standard.py:293"
4,12444,"v_mov_b32_dpp v100, v100 quad_perm:[2,3,0,1] row_mask:0xf bank_mask:0xf",8,32,0,0,"/sgl-workspace/triton-custom/python/triton/language/standard.py:293"
4,12452,"v_pk_add_f32 v[96:97], v[96:97], v[100:101]",8,32,0,0,"/sgl-workspace/triton-custom/python/triton/language/standard.py:263"
4,12460,"s_waitcnt lgkmcnt(0)",8,268,268,0,"/sgl-workspace/triton-custom/python/triton/language/standard.py:263"
4,12464,"v_pk_add_f32 v[24:25], v[24:25], v[26:27]",8,32,0,0,"/sgl-workspace/triton-custom/python/triton/language/standard.py:263"
4,12472,"s_nop 0",8,32,32,0,"/sgl-workspace/triton-custom/python/triton/language/standard.py:293"
4,12476,"v_mov_b32_e32 v27, v25",8,32,0,0,"/sgl-workspace/triton-custom/python/triton/language/standard.py:293"
4,12480,"v_mov_b32_e32 v26, v24",8,32,0,0,"/sgl-workspace/triton-custom/python/triton/language/standard.py:293"
4,12484,"v_mov_b32_e32 v101, v97",8,32,0,0,"/sgl-workspace/triton-custom/python/triton/language/standard.py:293"
4,12488,"v_mov_b32_dpp v27, v27 row_shr:8 row_mask:0xf bank_mask:0xc",8,32,0,0,"/sgl-workspace/triton-custom/python/triton/language/standard.py:293"
4,12496,"v_mov_b32_dpp v26, v26 row_shr:8 row_mask:0xf bank_mask:0xc",8,32,0,0,"/sgl-workspace/triton-custom/python/triton/language/standard.py:293"
4,12504,"v_mov_b32_e32 v100, v96",8,32,0,0,"/sgl-workspace/triton-custom/python/triton/language/standard.py:293"
4,12508,"v_mov_b32_dpp v27, v25 row_shl:8 row_mask:0xf bank_mask:0x3",8,32,0,0,"/sgl-workspace/triton-custom/python/triton/language/standard.py:293"
4,12516,"v_mov_b32_dpp v26, v24 row_shl:8 row_mask:0xf bank_mask:0x3",8,32,0,0,"/sgl-workspace/triton-custom/python/triton/language/standard.py:293"
4,12524,"v_pk_add_f32 v[24:25], v[24:25], v[26:27]",8,32,0,0,"/sgl-workspace/triton-custom/python/triton/language/standard.py:263"
4,12532,"v_mov_b32_dpp v101, v101 quad_perm:[1,0,3,2] row_mask:0xf bank_mask:0xf",8,32,0,0,"/sgl-workspace/triton-custom/python/triton/language/standard.py:293"
4,12540,"v_mov_b32_e32 v27, v25",8,32,0,0,"/sgl-workspace/triton-custom/python/triton/language/standard.py:293"
4,12544,"v_mov_b32_e32 v26, v24",8,32,0,0,"/sgl-workspace/triton-custom/python/triton/language/standard.py:293"
4,12548,"v_mov_b32_dpp v100, v100 quad_perm:[1,0,3,2] row_mask:0xf bank_mask:0xf",8,32,0,0,"/sgl-workspace/triton-custom/python/triton/language/standard.py:293"
4,12556,"v_mov_b32_dpp v27, v27 row_shr:4 row_mask:0xf bank_mask:0xa",8,32,0,0,"/sgl-workspace/triton-custom/python/triton/language/standard.py:293"
4,12564,"v_mov_b32_dpp v26, v26 row_shr:4 row_mask:0xf bank_mask:0xa",8,32,0,0,"/sgl-workspace/triton-custom/python/triton/language/standard.py:293"
4,12572,"s_nop 0",8,32,32,0,"/sgl-workspace/triton-custom/python/triton/language/standard.py:293"
4,12576,"v_mov_b32_dpp v27, v25 row_shl:4 row_mask:0xf bank_mask:0x5",8,32,0,0,"/sgl-workspace/triton-custom/python/triton/language/standard.py:293"
4,12584,"v_mov_b32_dpp v26, v24 row_shl:4 row_mask:0xf bank_mask:0x5",8,32,0,0,"/sgl-workspace/triton-custom/python/triton/language/standard.py:293"
4,12592,"v_pk_add_f32 v[24:25], v[24:25], v[26:27]",8,32,0,0,"/sgl-workspace/triton-custom/python/triton/language/standard.py:263"
4,12600,"s_nop 0",8,32,32,0,"/sgl-workspace/triton-custom/python/triton/language/standard.py:293"
4,12604,"v_mov_b32_e32 v27, v25",8,32,0,0,"/sgl-workspace/triton-custom/python/triton/language/standard.py:293"
4,12608,"v_mov_b32_e32 v26, v24",8,32,0,0,"/sgl-workspace/triton-custom/python/triton/language/standard.py:293"
4,12612,"s_nop 0",8,32,32,0,"/sgl-workspace/triton-custom/python/triton/language/standard.py:293"
4,12616,"v_mov_b32_dpp v27, v27 quad_perm:[2,3,0,1] row_mask:0xf bank_mask:0xf",8,32,0,0,"/sgl-workspace/triton-custom/python/triton/language/standard.py:293"
4,12624,"v_mov_b32_dpp v26, v26 quad_perm:[2,3,0,1] row_mask:0xf bank_mask:0xf",8,32,0,0,"/sgl-workspace/triton-custom/python/triton/language/standard.py:293"
4,12632,"v_pk_add_f32 v[24:25], v[24:25], v[26:27]",8,32,0,0,"/sgl-workspace/triton-custom/python/triton/language/standard.py:263"
4,12640,"s_nop 0",8,32,32,0,"/sgl-workspace/triton-custom/python/triton/language/standard.py:293"
4,12644,"v_mov_b32_e32 v27, v25",8,32,0,0,"/sgl-workspace/triton-custom/python/triton/language/standard.py:293"
4,12648,"v_mov_b32_e32 v26, v24",8,32,0,0,"/sgl-workspace/triton-custom/python/triton/language/standard.py:293"
4,12652,"s_nop 0",8,32,32,0,"/sgl-workspace/triton-custom/python/triton/language/standard.py:293"
4,12656,"v_mov_b32_dpp v27, v27 quad_perm:[1,0,3,2] row_mask:0xf bank_mask:0xf",8,32,0,0,"/sgl-workspace/triton-custom/python/triton/language/standard.py:293"
4,12664,"v_mov_b32_dpp v26, v26 quad_perm:[1,0,3,2] row_mask:0xf bank_mask:0xf",8,32,0,0,"/sgl-workspace/triton-custom/python/triton/language/standard.py:293"
4,12672,"v_pk_add_f32 v[24:25], v[24:25], v[26:27]",8,32,0,0,"/sgl-workspace/triton-custom/python/triton/language/standard.py:263"
4,12680,"s_nop 0",8,32,32,0,"/sgl-workspace/sglang/python/sglang/kernels/ops/attention/fla/fused_recurrent.py:531"
4,12684,"v_pk_add_f32 v[24:25], v[88:89], v[24:25] neg_lo:[0,1] neg_hi:[0,1]",8,32,0,0,"/sgl-workspace/sglang/python/sglang/kernels/ops/attention/fla/fused_recurrent.py:531"
4,12692,"s_nop 0",8,32,32,0,"/sgl-workspace/sglang/python/sglang/kernels/ops/attention/fla/fused_recurrent.py:532"
4,12696,"v_pk_mul_f32 v[88:89], v[86:87], v[24:25] op_sel_hi:[0,1]",8,32,0,0,"/sgl-workspace/sglang/python/sglang/kernels/ops/attention/fla/fused_recurrent.py:532"
4,12704,"v_pk_fma_f32 v[28:29], v[58:59], v[88:89], v[28:29] op_sel:[1,0,0] op_sel_hi:[0,1,1]",8,32,0,0,"/sgl-workspace/sglang/python/sglang/kernels/ops/attention/fla/fused_recurrent.py:533"
4,12712,"v_pk_fma_f32 v[24:25], v[58:59], v[88:89], v[90:91]",8,32,0,0,"/sgl-workspace/sglang/python/sglang/kernels/ops/attention/fla/fused_recurrent.py:533"
4,12720,"v_pk_fma_f32 v[26:27], v[70:71], v[88:89], v[30:31] op_sel_hi:[0,1,1]",8,32,0,0,"/sgl-workspace/sglang/python/sglang/kernels/ops/attention/fla/fused_recurrent.py:533"
4,12728,"v_pk_fma_f32 v[30:31], v[72:73], v[88:89], v[102:103] op_sel_hi:[0,1,1]",8,32,0,0,"/sgl-workspace/sglang/python/sglang/kernels/ops/attention/fla/fused_recurrent.py:533"
4,12736,"v_pk_mul_f32 v[88:89], v[76:77], v[28:29] op_sel:[1,0] op_sel_hi:[0,1]",8,32,0,0,"/sgl-workspace/sglang/python/sglang/kernels/ops/attention/fla/fused_recurrent.py:534"
4,12744,"v_pk_fma_f32 v[88:89], v[76:77], v[24:25], v[88:89]",8,32,0,0,"/sgl-workspace/triton-custom/python/triton/language/standard.py:263"
4,12752,"s_nop 0",8,32,32,0,"/sgl-workspace/triton-custom/python/triton/language/standard.py:263"
4,12756,"v_pk_fma_f32 v[88:89], v[64:65], v[26:27], v[88:89] op_sel_hi:[0,1,1]",8,32,0,0,"/sgl-workspace/triton-custom/python/triton/language/standard.py:263"
4,12764,"v_pk_fma_f32 v[90:91], v[74:75], v[30:31], v[88:89] op_sel_hi:[0,1,1]",8,32,0,0,"/sgl-workspace/triton-custom/python/triton/language/standard.py:263"
4,12772,"ds_swizzle_b32 v103, v91 offset:swizzle(SWAP,16)",8,32,0,64,"/sgl-workspace/triton-custom/python/triton/language/standard.py:293"
4,12780,"ds_swizzle_b32 v102, v90 offset:swizzle(SWAP,16)",8,32,0,0,"/sgl-workspace/triton-custom/python/triton/language/standard.py:293"
4,12788,"v_pk_add_f32 v[88:89], v[96:97], v[100:101]",8,32,0,0,"/sgl-workspace/triton-custom/python/triton/language/standard.py:263"
4,12796,"v_pk_mul_f32 v[100:101], v[76:77], v[60:61] op_sel:[1,0] op_sel_hi:[0,1]",8,32,0,0,"/sgl-workspace/sglang/python/sglang/kernels/ops/attention/fla/fused_recurrent.py:534"
4,12804,"v_pk_fma_f32 v[100:101], v[76:77], v[0:1], v[100:101]",8,32,0,0,"/sgl-workspace/triton-custom/python/triton/language/standard.py:263"
4,12812,"s_waitcnt lgkmcnt(0)",8,268,268,0,"/sgl-workspace/triton-custom/python/triton/language/standard.py:263"
4,12816,"v_pk_add_f32 v[90:91], v[90:91], v[102:103]",8,32,0,0,"/sgl-workspace/triton-custom/python/triton/language/standard.py:263"
4,12824,"s_nop 0",8,32,32,0,"/sgl-workspace/triton-custom/python/triton/language/standard.py:293"
4,12828,"v_mov_b32_e32 v97, v91",8,32,0,0,"/sgl-workspace/triton-custom/python/triton/language/standard.py:293"
4,12832,"v_mov_b32_e32 v96, v90",8,32,0,0,"/sgl-workspace/triton-custom/python/triton/language/standard.py:293"
4,12836,"v_pk_fma_f32 v[100:101], v[64:65], v[2:3], v[100:101] op_sel_hi:[0,1,1]",8,32,0,0,"/sgl-workspace/triton-custom/python/triton/language/standard.py:263"
4,12844,"v_mov_b32_dpp v97, v97 row_shr:8 row_mask:0xf bank_mask:0xc",8,32,0,0,"/sgl-workspace/triton-custom/python/triton/language/standard.py:293"
4,12852,"v_mov_b32_dpp v96, v96 row_shr:8 row_mask:0xf bank_mask:0xc",8,32,0,0,"/sgl-workspace/triton-custom/python/triton/language/standard.py:293"
4,12860,"v_pk_fma_f32 v[100:101], v[74:75], v[62:63], v[100:101] op_sel_hi:[0,1,1]",8,32,0,0,"/sgl-workspace/triton-custom/python/triton/language/standard.py:263"
4,12868,"v_mov_b32_dpp v97, v91 row_shl:8 row_mask:0xf bank_mask:0x3",8,32,0,0,"/sgl-workspace/triton-custom/python/triton/language/standard.py:293"
4,12876,"v_mov_b32_dpp v96, v90 row_shl:8 row_mask:0xf bank_mask:0x3",8,32,0,0,"/sgl-workspace/triton-custom/python/triton/language/standard.py:293"
4,12884,"v_pk_add_f32 v[90:91], v[90:91], v[96:97]",8,32,0,0,"/sgl-workspace/triton-custom/python/triton/language/standard.py:263"
4,12892,"s_nop 0",8,32,32,0,"/sgl-workspace/triton-custom/python/triton/language/standard.py:293"
4,12896,"v_mov_b32_e32 v97, v91",8,32,0,0,"/sgl-workspace/triton-custom/python/triton/language/standard.py:293"
4,12900,"v_mov_b32_e32 v96, v90",8,32,0,0,"/sgl-workspace/triton-custom/python/triton/language/standard.py:293"
4,12904,"s_nop 0",8,32,32,0,"/sgl-workspace/triton-custom/python/triton/language/standard.py:293"
4,12908,"v_mov_b32_dpp v97, v97 row_shr:4 row_mask:0xf bank_mask:0xa",8,32,0,0,"/sgl-workspace/triton-custom/python/triton/language/standard.py:293"
4,12916,"v_mov_b32_dpp v96, v96 row_shr:4 row_mask:0xf bank_mask:0xa",8,32,0,0,"/sgl-workspace/triton-custom/python/triton/language/standard.py:293"
4,12924,"s_nop 0",8,32,32,0,"/sgl-workspace/triton-custom/python/triton/language/standard.py:293"
4,12928,"v_mov_b32_dpp v97, v91 row_shl:4 row_mask:0xf bank_mask:0x5",8,32,0,0,"/sgl-workspace/triton-custom/python/triton/language/standard.py:293"
4,12936,"v_mov_b32_dpp v96, v90 row_shl:4 row_mask:0xf bank_mask:0x5",8,32,0,0,"/sgl-workspace/triton-custom/python/triton/language/standard.py:293"
4,12944,"v_pk_add_f32 v[90:91], v[90:91], v[96:97]",8,32,0,0,"/sgl-workspace/triton-custom/python/triton/language/standard.py:263"
4,12952,"s_nop 0",8,32,32,0,"/sgl-workspace/triton-custom/python/triton/language/standard.py:293"
4,12956,"v_mov_b32_e32 v97, v91",8,32,0,0,"/sgl-workspace/triton-custom/python/triton/language/standard.py:293"
4,12960,"v_mov_b32_e32 v96, v90",8,32,0,0,"/sgl-workspace/triton-custom/python/triton/language/standard.py:293"
4,12964,"s_nop 0",8,32,32,0,"/sgl-workspace/triton-custom/python/triton/language/standard.py:293"
4,12968,"v_mov_b32_dpp v97, v97 quad_perm:[2,3,0,1] row_mask:0xf bank_mask:0xf",8,32,0,0,"/sgl-workspace/triton-custom/python/triton/language/standard.py:293"
4,12976,"v_mov_b32_dpp v96, v96 quad_perm:[2,3,0,1] row_mask:0xf bank_mask:0xf",8,32,0,0,"/sgl-workspace/triton-custom/python/triton/language/standard.py:293"
4,12984,"v_pk_add_f32 v[96:97], v[90:91], v[96:97]",8,32,0,0,"/sgl-workspace/triton-custom/python/triton/language/standard.py:263"
4,12992,"v_mov_b32_e32 v90, v16",8,32,0,0,"/sgl-workspace/sglang/python/sglang/kernels/ops/attention/fla/fused_recurrent.py:530"
4,12996,"v_mov_b32_e32 v91, v13",8,32,0,0,"/sgl-workspace/sglang/python/sglang/kernels/ops/attention/fla/fused_recurrent.py:530"
4,13000,"v_pk_mov_b32 v[12:13], v[16:17], v[12:13] op_sel:[1,0]",8,32,0,0,"/sgl-workspace/sglang/python/sglang/kernels/ops/attention/fla/fused_recurrent.py:530"
4,13008,"v_pk_mul_f32 v[90:91], v[90:91], v[98:99]",8,32,0,0,"/sgl-workspace/sglang/python/sglang/kernels/ops/attention/fla/fused_recurrent.py:530"
4,13016,"v_pk_mul_f32 v[16:17], v[12:13], v[98:99] op_sel:[0,1] op_sel_hi:[1,0]",8,32,0,0,"/sgl-workspace/sglang/python/sglang/kernels/ops/attention/fla/fused_recurrent.py:530"
4,13024,"v_mov_b32_e32 v12, v18",8,32,0,0,"/sgl-workspace/sglang/python/sglang/kernels/ops/attention/fla/fused_recurrent.py:530"
4,13028,"v_mov_b32_e32 v13, v14",8,32,0,0,"/sgl-workspace/sglang/python/sglang/kernels/ops/attention/fla/fused_recurrent.py:530"
4,13032,"v_pk_mul_f32 v[102:103], v[12:13], v[94:95] op_sel_hi:[1,0]",8,32,0,0,"/sgl-workspace/sglang/python/sglang/kernels/ops/attention/fla/fused_recurrent.py:530"
4,13040,"v_pk_mul_f32 v[12:13], v[58:59], v[90:91]",8,32,0,0,"/sgl-workspace/sglang/python/sglang/kernels/ops/attention/fla/fused_recurrent.py:531"
4,13048,"v_mov_b32_e32 v14, v19",8,32,0,0,"/sgl-workspace/sglang/python/sglang/kernels/ops/attention/fla/fused_recurrent.py:530"
4,13052,"v_pk_fma_f32 v[12:13], v[58:59], v[16:17], v[12:13] op_sel:[1,0,0] op_sel_hi:[0,1,1]",8,32,0,0,"/sgl-workspace/triton-custom/python/triton/language/standard.py:263"
4,13060,"v_pk_mul_f32 v[18:19], v[14:15], v[92:93] op_sel_hi:[1,0]",8,32,0,0,"/sgl-workspace/sglang/python/sglang/kernels/ops/attention/fla/fused_recurrent.py:530"
4,13068,"v_pk_fma_f32 v[12:13], v[70:71], v[102:103], v[12:13] op_sel_hi:[0,1,1]",8,32,0,0,"/sgl-workspace/triton-custom/python/triton/language/standard.py:263"
4,13076,"v_pk_fma_f32 v[12:13], v[72:73], v[18:19], v[12:13] op_sel_hi:[0,1,1]",8,32,0,0,"/sgl-workspace/triton-custom/python/triton/language/standard.py:263"
4,13084,"ds_swizzle_b32 v15, v13 offset:swizzle(SWAP,16)",8,32,0,64,"/sgl-workspace/triton-custom/python/triton/language/standard.py:293"
4,13092,"ds_swizzle_b32 v14, v12 offset:swizzle(SWAP,16)",8,32,0,0,"/sgl-workspace/triton-custom/python/triton/language/standard.py:293"
4,13100,"v_mov_b32_e32 v119, v97",8,32,0,0,"/sgl-workspace/triton-custom/python/triton/language/standard.py:293"
4,13104,"v_mov_b32_e32 v118, v96",8,32,0,0,"/sgl-workspace/triton-custom/python/triton/language/standard.py:293"
4,13108,"s_waitcnt lgkmcnt(0)",8,300,300,0,"/sgl-workspace/triton-custom/python/triton/language/standard.py:263"
4,13112,"v_pk_add_f32 v[12:13], v[12:13], v[14:15]",8,32,0,0,"/sgl-workspace/triton-custom/python/triton/language/standard.py:263"
4,13120,"s_nop 0",8,32,32,0,"/sgl-workspace/triton-custom/python/triton/language/standard.py:293"
4,13124,"v_mov_b32_e32 v15, v13",8,32,0,0,"/sgl-workspace/triton-custom/python/triton/language/standard.py:293"
4,13128,"v_mov_b32_e32 v14, v12",8,32,0,0,"/sgl-workspace/triton-custom/python/triton/language/standard.py:293"
4,13132,"v_mov_b32_dpp v119, v119 quad_perm:[1,0,3,2] row_mask:0xf bank_mask:0xf",8,32,0,0,"/sgl-workspace/triton-custom/python/triton/language/standard.py:293"
4,13140,"v_mov_b32_dpp v15, v15 row_shr:8 row_mask:0xf bank_mask:0xc",8,32,0,0,"/sgl-workspace/triton-custom/python/triton/language/standard.py:293"
4,13148,"v_mov_b32_dpp v14, v14 row_shr:8 row_mask:0xf bank_mask:0xc",8,32,0,0,"/sgl-workspace/triton-custom/python/triton/language/standard.py:293"
4,13156,"v_mov_b32_dpp v118, v118 quad_perm:[1,0,3,2] row_mask:0xf bank_mask:0xf",8,32,0,0,"/sgl-workspace/triton-custom/python/triton/language/standard.py:293"
4,13164,"v_mov_b32_dpp v15, v13 row_shl:8 row_mask:0xf bank_mask:0x3",8,32,0,0,"/sgl-workspace/triton-custom/python/triton/language/standard.py:293"
4,13172,"v_mov_b32_dpp v14, v12 row_shl:8 row_mask:0xf bank_mask:0x3",8,32,0,0,"/sgl-workspace/triton-custom/python/triton/language/standard.py:293"
4,13180,"v_pk_add_f32 v[12:13], v[12:13], v[14:15]",8,32,0,32,"/sgl-workspace/triton-custom/python/triton/language/standard.py:263"
4,13188,"v_pk_add_f32 v[96:97], v[96:97], v[118:119]",8,32,0,0,"/sgl-workspace/triton-custom/python/triton/language/standard.py:263"
4,13196,"v_mov_b32_e32 v15, v13",8,32,0,0,"/sgl-workspace/triton-custom/python/triton/language/standard.py:293"
4,13200,"v_mov_b32_e32 v14, v12",8,32,0,0,"/sgl-workspace/triton-custom/python/triton/language/standard.py:293"
4,13204,"s_nop 0",8,32,32,0,"/sgl-workspace/triton-custom/python/triton/language/standard.py:293"
4,13208,"v_mov_b32_dpp v15, v15 row_shr:4 row_mask:0xf bank_mask:0xa",8,32,0,0,"/sgl-workspace/triton-custom/python/triton/language/standard.py:293"
4,13216,"v_mov_b32_dpp v14, v14 row_shr:4 row_mask:0xf bank_mask:0xa",8,32,0,0,"/sgl-workspace/triton-custom/python/triton/language/standard.py:293"
4,13224,"s_nop 0",8,32,32,0,"/sgl-workspace/triton-custom/python/triton/language/standard.py:293"
4,13228,"v_mov_b32_dpp v15, v13 row_shl:4 row_mask:0xf bank_mask:0x5",8,32,0,0,"/sgl-workspace/triton-custom/python/triton/language/standard.py:293"
4,13236,"v_mov_b32_dpp v14, v12 row_shl:4 row_mask:0xf bank_mask:0x5",8,32,0,0,"/sgl-workspace/triton-custom/python/triton/language/standard.py:293"
4,13244,"v_pk_add_f32 v[12:13], v[12:13], v[14:15]",8,32,0,0,"/sgl-workspace/triton-custom/python/triton/language/standard.py:263"
4,13252,"s_nop 0",8,32,32,0,"/sgl-workspace/triton-custom/python/triton/language/standard.py:293"
4,13256,"v_mov_b32_e32 v15, v13",8,32,0,0,"/sgl-workspace/triton-custom/python/triton/language/standard.py:293"
4,13260,"v_mov_b32_e32 v14, v12",8,32,0,0,"/sgl-workspace/triton-custom/python/triton/language/standard.py:293"
4,13264,"s_nop 0",8,32,32,0,"/sgl-workspace/triton-custom/python/triton/language/standard.py:293"
4,13268,"v_mov_b32_dpp v15, v15 quad_perm:[2,3,0,1] row_mask:0xf bank_mask:0xf",8,32,0,0,"/sgl-workspace/triton-custom/python/triton/language/standard.py:293"
4,13276,"v_mov_b32_dpp v14, v14 quad_perm:[2,3,0,1] row_mask:0xf bank_mask:0xf",8,32,0,0,"/sgl-workspace/triton-custom/python/triton/language/standard.py:293"
4,13284,"v_pk_add_f32 v[12:13], v[12:13], v[14:15]",8,32,0,0,"/sgl-workspace/triton-custom/python/triton/language/standard.py:263"
4,13292,"s_nop 0",8,32,32,0,"/sgl-workspace/triton-custom/python/triton/language/standard.py:293"
4,13296,"v_mov_b32_e32 v15, v13",8,32,0,0,"/sgl-workspace/triton-custom/python/triton/language/standard.py:293"
4,13300,"v_mov_b32_e32 v14, v12",8,32,0,0,"/sgl-workspace/triton-custom/python/triton/language/standard.py:293"
4,13304,"s_nop 0",8,32,32,0,"/sgl-workspace/triton-custom/python/triton/language/standard.py:293"
4,13308,"v_mov_b32_dpp v15, v15 quad_perm:[1,0,3,2] row_mask:0xf bank_mask:0xf",8,32,0,0,"/sgl-workspace/triton-custom/python/triton/language/standard.py:293"
4,13316,"v_mov_b32_dpp v14, v14 quad_perm:[1,0,3,2] row_mask:0xf bank_mask:0xf",8,32,0,0,"/sgl-workspace/triton-custom/python/triton/language/standard.py:293"
4,13324,"v_pk_add_f32 v[12:13], v[12:13], v[14:15]",8,32,0,0,"/sgl-workspace/triton-custom/python/triton/language/standard.py:263"
4,13332,"s_nop 0",8,32,32,0,"/sgl-workspace/sglang/python/sglang/kernels/ops/attention/fla/fused_recurrent.py:531"
4,13336,"v_pk_add_f32 v[12:13], v[82:83], v[12:13] neg_lo:[0,1] neg_hi:[0,1]",8,32,0,0,"/sgl-workspace/sglang/python/sglang/kernels/ops/attention/fla/fused_recurrent.py:531"
4,13344,"s_nop 0",8,32,32,0,"/sgl-workspace/sglang/python/sglang/kernels/ops/attention/fla/fused_recurrent.py:532"
4,13348,"v_pk_mul_f32 v[120:121], v[86:87], v[12:13] op_sel_hi:[0,1]",8,32,0,0,"/sgl-workspace/sglang/python/sglang/kernels/ops/attention/fla/fused_recurrent.py:532"
4,13356,"v_pk_fma_f32 v[82:83], v[58:59], v[120:121], v[16:17] op_sel:[1,0,0] op_sel_hi:[0,1,1]",8,32,0,0,"/sgl-workspace/sglang/python/sglang/kernels/ops/attention/fla/fused_recurrent.py:533"
4,13364,"v_pk_fma_f32 v[12:13], v[58:59], v[120:121], v[90:91]",8,32,0,0,"/sgl-workspace/sglang/python/sglang/kernels/ops/attention/fla/fused_recurrent.py:533"
4,13372,"v_pk_mul_f32 v[16:17], v[76:77], v[82:83] op_sel:[1,0] op_sel_hi:[0,1]",8,32,0,0,"/sgl-workspace/sglang/python/sglang/kernels/ops/attention/fla/fused_recurrent.py:534"
4,13380,"v_pk_fma_f32 v[14:15], v[70:71], v[120:121], v[102:103] op_sel_hi:[0,1,1]",8,32,0,0,"/sgl-workspace/sglang/python/sglang/kernels/ops/attention/fla/fused_recurrent.py:533"
4,13388,"v_pk_fma_f32 v[16:17], v[76:77], v[12:13], v[16:17]",8,32,0,0,"/sgl-workspace/triton-custom/python/triton/language/standard.py:263"
4,13396,"v_pk_fma_f32 v[90:91], v[72:73], v[120:121], v[18:19] op_sel_hi:[0,1,1]",8,32,0,0,"/sgl-workspace/sglang/python/sglang/kernels/ops/attention/fla/fused_recurrent.py:533"
4,13404,"v_pk_fma_f32 v[16:17], v[64:65], v[14:15], v[16:17] op_sel_hi:[0,1,1]",8,32,0,32,"/sgl-workspace/triton-custom/python/triton/language/standard.py:263"
4,13412,"v_pk_fma_f32 v[16:17], v[74:75], v[90:91], v[16:17] op_sel_hi:[0,1,1]",8,32,0,0,"/sgl-workspace/triton-custom/python/triton/language/standard.py:263"
4,13420,"ds_swizzle_b32 v19, v17 offset:swizzle(SWAP,16)",8,32,0,64,"/sgl-workspace/triton-custom/python/triton/language/standard.py:293"
4,13428,"ds_swizzle_b32 v18, v16 offset:swizzle(SWAP,16)",8,32,0,0,"/sgl-workspace/triton-custom/python/triton/language/standard.py:293"
4,13436,"s_waitcnt lgkmcnt(0)",8,364,364,0,"/sgl-workspace/triton-custom/python/triton/language/standard.py:263"
4,13440,"v_pk_add_f32 v[16:17], v[16:17], v[18:19]",8,32,0,0,"/sgl-workspace/triton-custom/python/triton/language/standard.py:263"
4,13448,"s_nop 0",8,32,32,0,"/sgl-workspace/triton-custom/python/triton/language/standard.py:293"
4,13452,"v_mov_b32_e32 v19, v17",8,32,0,0,"/sgl-workspace/triton-custom/python/triton/language/standard.py:293"
4,13456,"v_mov_b32_e32 v18, v16",8,32,0,0,"/sgl-workspace/triton-custom/python/triton/language/standard.py:293"
4,13460,"s_nop 0",8,32,32,0,"/sgl-workspace/triton-custom/python/triton/language/standard.py:293"
4,13464,"v_mov_b32_dpp v19, v19 row_shr:8 row_mask:0xf bank_mask:0xc",8,32,0,0,"/sgl-workspace/triton-custom/python/triton/language/standard.py:293"
4,13472,"v_mov_b32_dpp v18, v18 row_shr:8 row_mask:0xf bank_mask:0xc",8,32,0,0,"/sgl-workspace/triton-custom/python/triton/language/standard.py:293"
4,13480,"s_nop 0",8,32,32,0,"/sgl-workspace/triton-custom/python/triton/language/standard.py:293"
4,13484,"v_mov_b32_dpp v19, v17 row_shl:8 row_mask:0xf bank_mask:0x3",8,32,0,0,"/sgl-workspace/triton-custom/python/triton/language/standard.py:293"
4,13492,"v_mov_b32_dpp v18, v16 row_shl:8 row_mask:0xf bank_mask:0x3",8,32,0,0,"/sgl-workspace/triton-custom/python/triton/language/standard.py:293"
4,13500,"v_pk_add_f32 v[16:17], v[16:17], v[18:19]",8,32,0,0,"/sgl-workspace/triton-custom/python/triton/language/standard.py:263"
4,13508,"s_nop 0",8,32,32,0,"/sgl-workspace/triton-custom/python/triton/language/standard.py:293"
4,13512,"v_mov_b32_e32 v19, v17",8,32,0,0,"/sgl-workspace/triton-custom/python/triton/language/standard.py:293"
4,13516,"v_mov_b32_e32 v18, v16",8,32,0,0,"/sgl-workspace/triton-custom/python/triton/language/standard.py:293"
4,13520,"s_nop 0",8,32,32,0,"/sgl-workspace/triton-custom/python/triton/language/standard.py:293"
4,13524,"v_mov_b32_dpp v19, v19 row_shr:4 row_mask:0xf bank_mask:0xa",8,32,0,0,"/sgl-workspace/triton-custom/python/triton/language/standard.py:293"
4,13532,"v_mov_b32_dpp v18, v18 row_shr:4 row_mask:0xf bank_mask:0xa",8,32,0,0,"/sgl-workspace/triton-custom/python/triton/language/standard.py:293"
4,13540,"s_nop 0",8,32,32,0,"/sgl-workspace/triton-custom/python/triton/language/standard.py:293"
4,13544,"v_mov_b32_dpp v19, v17 row_shl:4 row_mask:0xf bank_mask:0x5",8,32,0,0,"/sgl-workspace/triton-custom/python/triton/language/standard.py:293"
4,13552,"v_mov_b32_dpp v18, v16 row_shl:4 row_mask:0xf bank_mask:0x5",8,32,0,0,"/sgl-workspace/triton-custom/python/triton/language/standard.py:293"
4,13560,"v_pk_add_f32 v[102:103], v[16:17], v[18:19]",8,32,0,0,"/sgl-workspace/triton-custom/python/triton/language/standard.py:263"
4,13568,"s_waitcnt vmcnt(0)",8,32,32,0,"/sgl-workspace/sglang/python/sglang/kernels/ops/attention/fla/fused_recurrent.py:530"
4,13572,"v_mov_b32_e32 v16, v52",8,32,0,0,"/sgl-workspace/sglang/python/sglang/kernels/ops/attention/fla/fused_recurrent.py:530"
4,13576,"v_mov_b32_e32 v17, v49",8,32,0,0,"/sgl-workspace/sglang/python/sglang/kernels/ops/attention/fla/fused_recurrent.py:530"
4,13580,"v_pk_mul_f32 v[16:17], v[16:17], v[98:99]",8,32,0,0,"/sgl-workspace/sglang/python/sglang/kernels/ops/attention/fla/fused_recurrent.py:530"
4,13588,"v_pk_mov_b32 v[18:19], v[52:53], v[48:49] op_sel:[1,0]",8,32,0,0,"/sgl-workspace/sglang/python/sglang/kernels/ops/attention/fla/fused_recurrent.py:530"
4,13596,"v_mov_b32_e32 v48, v54",8,32,0,0,"/sgl-workspace/sglang/python/sglang/kernels/ops/attention/fla/fused_recurrent.py:530"
4,13600,"v_pk_mul_f32 v[18:19], v[18:19], v[98:99] op_sel:[0,1] op_sel_hi:[1,0]",8,32,0,0,"/sgl-workspace/sglang/python/sglang/kernels/ops/attention/fla/fused_recurrent.py:530"
4,13608,"v_mov_b32_e32 v49, v50",8,32,0,0,"/sgl-workspace/sglang/python/sglang/kernels/ops/attention/fla/fused_recurrent.py:530"
4,13612,"v_mov_b32_e32 v50, v55",8,32,0,0,"/sgl-workspace/sglang/python/sglang/kernels/ops/attention/fla/fused_recurrent.py:530"
4,13616,"v_pk_mul_f32 v[54:55], v[58:59], v[16:17]",8,32,0,0,"/sgl-workspace/sglang/python/sglang/kernels/ops/attention/fla/fused_recurrent.py:531"
4,13624,"v_pk_mul_f32 v[48:49], v[48:49], v[94:95] op_sel_hi:[1,0]",8,32,0,0,"/sgl-workspace/sglang/python/sglang/kernels/ops/attention/fla/fused_recurrent.py:530"
4,13632,"v_pk_fma_f32 v[54:55], v[58:59], v[18:19], v[54:55] op_sel:[1,0,0] op_sel_hi:[0,1,1]",8,32,0,0,"/sgl-workspace/triton-custom/python/triton/language/standard.py:263"
4,13640,"v_pk_mul_f32 v[50:51], v[50:51], v[92:93] op_sel_hi:[1,0]",8,32,0,0,"/sgl-workspace/sglang/python/sglang/kernels/ops/attention/fla/fused_recurrent.py:530"
4,13648,"v_pk_fma_f32 v[54:55], v[70:71], v[48:49], v[54:55] op_sel_hi:[0,1,1]",8,32,0,0,"/sgl-workspace/triton-custom/python/triton/language/standard.py:263"
4,13656,"v_pk_fma_f32 v[98:99], v[72:73], v[50:51], v[54:55] op_sel_hi:[0,1,1]",8,32,0,0,"/sgl-workspace/triton-custom/python/triton/language/standard.py:263"
4,13664,"ds_swizzle_b32 v119, v99 offset:swizzle(SWAP,16)",8,32,0,64,"/sgl-workspace/triton-custom/python/triton/language/standard.py:293"
4,13672,"ds_swizzle_b32 v118, v98 offset:swizzle(SWAP,16)",8,32,0,0,"/sgl-workspace/triton-custom/python/triton/language/standard.py:293"
4,13680,"v_mov_b32_e32 v53, v103",8,32,0,0,"/sgl-workspace/triton-custom/python/triton/language/standard.py:293"
4,13684,"v_mov_b32_e32 v52, v102",8,32,0,0,"/sgl-workspace/triton-custom/python/triton/language/standard.py:293"
4,13688,"s_nop 0",8,32,32,0,"/sgl-workspace/triton-custom/python/triton/language/standard.py:293"
4,13692,"v_mov_b32_dpp v53, v53 quad_perm:[2,3,0,1] row_mask:0xf bank_mask:0xf",8,32,0,0,"/sgl-workspace/triton-custom/python/triton/language/standard.py:293"
4,13700,"v_mov_b32_dpp v52, v52 quad_perm:[2,3,0,1] row_mask:0xf bank_mask:0xf",8,32,0,0,"/sgl-workspace/triton-custom/python/triton/language/standard.py:293"
4,13708,"v_pk_add_f32 v[54:55], v[102:103], v[52:53]",8,32,0,0,"/sgl-workspace/triton-custom/python/triton/language/standard.py:263"
4,13716,"s_waitcnt lgkmcnt(0)",8,172,172,0,"/sgl-workspace/triton-custom/python/triton/language/standard.py:263"
4,13720,"v_pk_add_f32 v[52:53], v[98:99], v[118:119]",8,32,0,0,"/sgl-workspace/triton-custom/python/triton/language/standard.py:263"
4,13728,"v_mov_b32_e32 v65, v55",8,32,0,0,"/sgl-workspace/triton-custom/python/triton/language/standard.py:293"
4,13732,"v_mov_b32_e32 v99, v53",8,32,0,0,"/sgl-workspace/triton-custom/python/triton/language/standard.py:293"
4,13736,"v_mov_b32_e32 v98, v52",8,32,0,0,"/sgl-workspace/triton-custom/python/triton/language/standard.py:293"
4,13740,"s_nop 0",8,32,32,0,"/sgl-workspace/triton-custom/python/triton/language/standard.py:293"
4,13744,"v_mov_b32_dpp v99, v99 row_shr:8 row_mask:0xf bank_mask:0xc",8,32,0,0,"/sgl-workspace/triton-custom/python/triton/language/standard.py:293"
4,13752,"v_mov_b32_dpp v98, v98 row_shr:8 row_mask:0xf bank_mask:0xc",8,32,0,0,"/sgl-workspace/triton-custom/python/triton/language/standard.py:293"
4,13760,"s_nop 0",8,32,32,0,"/sgl-workspace/triton-custom/python/triton/language/standard.py:293"
4,13764,"v_mov_b32_dpp v99, v53 row_shl:8 row_mask:0xf bank_mask:0x3",8,32,0,0,"/sgl-workspace/triton-custom/python/triton/language/standard.py:293"
4,13772,"v_mov_b32_dpp v98, v52 row_shl:8 row_mask:0xf bank_mask:0x3",8,32,0,0,"/sgl-workspace/triton-custom/python/triton/language/standard.py:293"
4,13780,"v_pk_add_f32 v[52:53], v[52:53], v[98:99]",8,32,0,0,"/sgl-workspace/triton-custom/python/triton/language/standard.py:263"
4,13788,"s_nop 0",8,32,32,0,"/sgl-workspace/triton-custom/python/triton/language/standard.py:293"
4,13792,"v_mov_b32_e32 v99, v53",8,32,0,0,"/sgl-workspace/triton-custom/python/triton/language/standard.py:293"
4,13796,"v_mov_b32_e32 v98, v52",8,32,0,0,"/sgl-workspace/triton-custom/python/triton/language/standard.py:293"
4,13800,"s_nop 0",8,32,32,0,"/sgl-workspace/triton-custom/python/triton/language/standard.py:293"
4,13804,"v_mov_b32_dpp v99, v99 row_shr:4 row_mask:0xf bank_mask:0xa",8,32,0,0,"/sgl-workspace/triton-custom/python/triton/language/standard.py:293"
4,13812,"v_mov_b32_dpp v98, v98 row_shr:4 row_mask:0xf bank_mask:0xa",8,32,0,0,"/sgl-workspace/triton-custom/python/triton/language/standard.py:293"
4,13820,"s_nop 0",8,32,32,0,"/sgl-workspace/triton-custom/python/triton/language/standard.py:293"
4,13824,"v_mov_b32_dpp v99, v53 row_shl:4 row_mask:0xf bank_mask:0x5",8,32,0,0,"/sgl-workspace/triton-custom/python/triton/language/standard.py:293"
4,13832,"v_mov_b32_dpp v98, v52 row_shl:4 row_mask:0xf bank_mask:0x5",8,32,0,0,"/sgl-workspace/triton-custom/python/triton/language/standard.py:293"
4,13840,"v_pk_add_f32 v[52:53], v[52:53], v[98:99]",8,32,0,0,"/sgl-workspace/triton-custom/python/triton/language/standard.py:263"
4,13848,"s_nop 0",8,32,32,0,"/sgl-workspace/triton-custom/python/triton/language/standard.py:293"
4,13852,"v_mov_b32_e32 v99, v53",8,32,0,0,"/sgl-workspace/triton-custom/python/triton/language/standard.py:293"
4,13856,"v_mov_b32_e32 v98, v52",8,32,0,0,"/sgl-workspace/triton-custom/python/triton/language/standard.py:293"
4,13860,"s_nop 0",8,32,32,0,"/sgl-workspace/triton-custom/python/triton/language/standard.py:293"
4,13864,"v_mov_b32_dpp v99, v99 quad_perm:[2,3,0,1] row_mask:0xf bank_mask:0xf",8,32,0,0,"/sgl-workspace/triton-custom/python/triton/language/standard.py:293"
4,13872,"v_mov_b32_dpp v98, v98 quad_perm:[2,3,0,1] row_mask:0xf bank_mask:0xf",8,32,0,0,"/sgl-workspace/triton-custom/python/triton/language/standard.py:293"
4,13880,"v_pk_add_f32 v[52:53], v[52:53], v[98:99]",8,32,0,0,"/sgl-workspace/triton-custom/python/triton/language/standard.py:263"
4,13888,"s_nop 0",8,32,32,0,"/sgl-workspace/triton-custom/python/triton/language/standard.py:293"
4,13892,"v_mov_b32_e32 v99, v53",8,32,0,0,"/sgl-workspace/triton-custom/python/triton/language/standard.py:293"
4,13896,"v_mov_b32_e32 v98, v52",8,32,0,0,"/sgl-workspace/triton-custom/python/triton/language/standard.py:293"
4,13900,"s_nop 0",8,32,32,0,"/sgl-workspace/triton-custom/python/triton/language/standard.py:293"
4,13904,"v_mov_b32_dpp v99, v99 quad_perm:[1,0,3,2] row_mask:0xf bank_mask:0xf",8,32,0,0,"/sgl-workspace/triton-custom/python/triton/language/standard.py:293"
4,13912,"v_mov_b32_dpp v98, v98 quad_perm:[1,0,3,2] row_mask:0xf bank_mask:0xf",8,32,0,0,"/sgl-workspace/triton-custom/python/triton/language/standard.py:293"
4,13920,"v_pk_add_f32 v[52:53], v[52:53], v[98:99]",8,32,0,0,"/sgl-workspace/triton-custom/python/triton/language/standard.py:263"
4,13928,"s_nop 0",8,32,32,0,"/sgl-workspace/sglang/python/sglang/kernels/ops/attention/fla/fused_recurrent.py:531"
4,13932,"v_pk_add_f32 v[52:53], v[56:57], v[52:53] neg_lo:[0,1] neg_hi:[0,1]",8,32,0,0,"/sgl-workspace/sglang/python/sglang/kernels/ops/attention/fla/fused_recurrent.py:531"
4,13940,"s_nop 0",8,32,32,0,"/sgl-workspace/sglang/python/sglang/kernels/ops/attention/fla/fused_recurrent.py:532"
4,13944,"v_pk_mul_f32 v[56:57], v[86:87], v[52:53] op_sel_hi:[0,1]",8,32,0,0,"/sgl-workspace/sglang/python/sglang/kernels/ops/attention/fla/fused_recurrent.py:532"
4,13952,"v_pk_fma_f32 v[52:53], v[58:59], v[56:57], v[18:19] op_sel:[1,0,0] op_sel_hi:[0,1,1]",8,32,0,0,"/sgl-workspace/sglang/python/sglang/kernels/ops/attention/fla/fused_recurrent.py:533"
4,13960,"v_pk_fma_f32 v[16:17], v[58:59], v[56:57], v[16:17]",8,32,0,0,"/sgl-workspace/sglang/python/sglang/kernels/ops/attention/fla/fused_recurrent.py:533"
4,13968,"v_pk_fma_f32 v[18:19], v[70:71], v[56:57], v[48:49] op_sel_hi:[0,1,1]",8,32,0,0,"/sgl-workspace/sglang/python/sglang/kernels/ops/attention/fla/fused_recurrent.py:533"
4,13976,"v_pk_fma_f32 v[48:49], v[72:73], v[56:57], v[50:51] op_sel_hi:[0,1,1]",8,32,0,0,"/sgl-workspace/sglang/python/sglang/kernels/ops/attention/fla/fused_recurrent.py:533"
4,13984,"v_pk_mul_f32 v[50:51], v[76:77], v[52:53] op_sel:[1,0] op_sel_hi:[0,1]",8,32,0,0,"/sgl-workspace/sglang/python/sglang/kernels/ops/attention/fla/fused_recurrent.py:534"
4,13992,"v_pk_fma_f32 v[50:51], v[76:77], v[16:17], v[50:51]",8,32,0,0,"/sgl-workspace/triton-custom/python/triton/language/standard.py:263"
4,14000,"ds_swizzle_b32 v59, v101 offset:swizzle(SWAP,16)",8,32,0,64,"/sgl-workspace/triton-custom/python/triton/language/standard.py:293"
4,14008,"v_pk_fma_f32 v[50:51], v[64:65], v[18:19], v[50:51] op_sel_hi:[0,1,1]",8,32,0,0,"/sgl-workspace/triton-custom/python/triton/language/standard.py:263"
4,14016,"v_pk_fma_f32 v[50:51], v[74:75], v[48:49], v[50:51] op_sel_hi:[0,1,1]",8,32,0,0,"/sgl-workspace/triton-custom/python/triton/language/standard.py:263"
4,14024,"ds_swizzle_b32 v57, v51 offset:swizzle(SWAP,16)",8,32,0,64,"/sgl-workspace/triton-custom/python/triton/language/standard.py:293"
4,14032,"ds_swizzle_b32 v56, v50 offset:swizzle(SWAP,16)",8,32,0,0,"/sgl-workspace/triton-custom/python/triton/language/standard.py:293"
4,14040,"ds_swizzle_b32 v58, v100 offset:swizzle(SWAP,16)",8,32,0,0,"/sgl-workspace/triton-custom/python/triton/language/standard.py:293"
4,14048,"v_mov_b32_e32 v64, v54",8,32,0,0,"/sgl-workspace/triton-custom/python/triton/language/standard.py:293"
4,14052,"v_mov_b32_dpp v65, v65 quad_perm:[1,0,3,2] row_mask:0xf bank_mask:0xf",8,32,0,0,"/sgl-workspace/triton-custom/python/triton/language/standard.py:293"
4,14060,"s_waitcnt lgkmcnt(1)",8,268,268,0,"/sgl-workspace/triton-custom/python/triton/language/standard.py:263"
4,14064,"v_pk_add_f32 v[50:51], v[50:51], v[56:57]",8,32,0,0,"/sgl-workspace/triton-custom/python/triton/language/standard.py:263"
4,14072,"s_nop 0",8,32,32,0,"/sgl-workspace/triton-custom/python/triton/language/standard.py:293"
4,14076,"v_mov_b32_e32 v57, v51",8,32,0,0,"/sgl-workspace/triton-custom/python/triton/language/standard.py:293"
4,14080,"v_mov_b32_e32 v56, v50",8,32,0,0,"/sgl-workspace/triton-custom/python/triton/language/standard.py:293"
4,14084,"v_mov_b32_dpp v64, v64 quad_perm:[1,0,3,2] row_mask:0xf bank_mask:0xf",8,32,0,0,"/sgl-workspace/triton-custom/python/triton/language/standard.py:293"
4,14092,"v_mov_b32_dpp v57, v57 row_shr:8 row_mask:0xf bank_mask:0xc",8,32,0,0,"/sgl-workspace/triton-custom/python/triton/language/standard.py:293"
4,14100,"v_mov_b32_dpp v56, v56 row_shr:8 row_mask:0xf bank_mask:0xc",8,32,0,0,"/sgl-workspace/triton-custom/python/triton/language/standard.py:293"
4,14108,"v_pk_add_f32 v[54:55], v[54:55], v[64:65]",8,32,0,0,"/sgl-workspace/triton-custom/python/triton/language/standard.py:263"
4,14116,"v_mov_b32_dpp v57, v51 row_shl:8 row_mask:0xf bank_mask:0x3",8,32,0,0,"/sgl-workspace/triton-custom/python/triton/language/standard.py:293"
4,14124,"v_mov_b32_dpp v56, v50 row_shl:8 row_mask:0xf bank_mask:0x3",8,32,0,0,"/sgl-workspace/triton-custom/python/triton/language/standard.py:293"
4,14132,"v_pk_add_f32 v[50:51], v[50:51], v[56:57]",8,32,0,0,"/sgl-workspace/triton-custom/python/triton/language/standard.py:263"
4,14140,"s_nop 0",8,32,32,0,"/sgl-workspace/triton-custom/python/triton/language/standard.py:293"
4,14144,"v_mov_b32_e32 v57, v51",8,32,0,0,"/sgl-workspace/triton-custom/python/triton/language/standard.py:293"
4,14148,"v_mov_b32_e32 v56, v50",8,32,0,0,"/sgl-workspace/triton-custom/python/triton/language/standard.py:293"
4,14152,"s_nop 0",8,32,32,0,"/sgl-workspace/triton-custom/python/triton/language/standard.py:293"
4,14156,"v_mov_b32_dpp v57, v57 row_shr:4 row_mask:0xf bank_mask:0xa",8,32,0,0,"/sgl-workspace/triton-custom/python/triton/language/standard.py:293"
4,14164,"v_mov_b32_dpp v56, v56 row_shr:4 row_mask:0xf bank_mask:0xa",8,32,0,0,"/sgl-workspace/triton-custom/python/triton/language/standard.py:293"
4,14172,"s_nop 0",8,32,32,0,"/sgl-workspace/triton-custom/python/triton/language/standard.py:293"
4,14176,"v_mov_b32_dpp v57, v51 row_shl:4 row_mask:0xf bank_mask:0x5",8,32,0,0,"/sgl-workspace/triton-custom/python/triton/language/standard.py:293"
4,14184,"v_mov_b32_dpp v56, v50 row_shl:4 row_mask:0xf bank_mask:0x5",8,32,0,0,"/sgl-workspace/triton-custom/python/triton/language/standard.py:293"
4,14192,"v_pk_add_f32 v[50:51], v[50:51], v[56:57]",8,32,0,0,"/sgl-workspace/triton-custom/python/triton/language/standard.py:263"
4,14200,"s_nop 0",8,32,32,0,"/sgl-workspace/triton-custom/python/triton/language/standard.py:293"
4,14204,"v_mov_b32_e32 v57, v51",8,32,0,0,"/sgl-workspace/triton-custom/python/triton/language/standard.py:293"
4,14208,"v_mov_b32_e32 v56, v50",8,32,0,0,"/sgl-workspace/triton-custom/python/triton/language/standard.py:293"
4,14212,"s_nop 0",8,32,32,0,"/sgl-workspace/triton-custom/python/triton/language/standard.py:293"
4,14216,"v_mov_b32_dpp v57, v57 quad_perm:[2,3,0,1] row_mask:0xf bank_mask:0xf",8,32,0,0,"/sgl-workspace/triton-custom/python/triton/language/standard.py:293"
4,14224,"v_mov_b32_dpp v56, v56 quad_perm:[2,3,0,1] row_mask:0xf bank_mask:0xf",8,32,0,0,"/sgl-workspace/triton-custom/python/triton/language/standard.py:293"
4,14232,"v_pk_add_f32 v[50:51], v[50:51], v[56:57]",8,32,0,0,"/sgl-workspace/triton-custom/python/triton/language/standard.py:263"
4,14240,"s_nop 0",8,32,32,0,"/sgl-workspace/triton-custom/python/triton/language/standard.py:293"
4,14244,"v_mov_b32_e32 v57, v51",8,32,0,0,"/sgl-workspace/triton-custom/python/triton/language/standard.py:293"
4,14248,"v_mov_b32_e32 v56, v50",8,32,0,0,"/sgl-workspace/triton-custom/python/triton/language/standard.py:293"
4,14252,"s_nop 0",8,32,32,0,"/sgl-workspace/triton-custom/python/triton/language/standard.py:293"
4,14256,"v_mov_b32_dpp v57, v57 quad_perm:[1,0,3,2] row_mask:0xf bank_mask:0xf",8,32,0,0,"/sgl-workspace/triton-custom/python/triton/language/standard.py:293"
4,14264,"v_mov_b32_dpp v56, v56 quad_perm:[1,0,3,2] row_mask:0xf bank_mask:0xf",8,32,0,0,"/sgl-workspace/triton-custom/python/triton/language/standard.py:293"
4,14272,"v_pk_add_f32 v[50:51], v[50:51], v[56:57]",8,32,0,0,"/sgl-workspace/triton-custom/python/triton/language/standard.py:263"
4,14280,"s_waitcnt lgkmcnt(0)",8,32,32,0,"/sgl-workspace/triton-custom/python/triton/language/standard.py:263"
4,14284,"v_pk_add_f32 v[56:57], v[100:101], v[58:59]",8,32,0,0,"/sgl-workspace/triton-custom/python/triton/language/standard.py:263"
4,14292,"s_nop 0",8,32,32,0,"/sgl-workspace/triton-custom/python/triton/language/standard.py:293"
4,14296,"v_mov_b32_e32 v59, v57",8,32,0,0,"/sgl-workspace/triton-custom/python/triton/language/standard.py:293"
4,14300,"v_mov_b32_e32 v58, v56",8,32,0,0,"/sgl-workspace/triton-custom/python/triton/language/standard.py:293"
4,14304,"s_nop 0",8,32,32,0,"/sgl-workspace/triton-custom/python/triton/language/standard.py:293"
4,14308,"v_mov_b32_dpp v59, v59 row_shr:8 row_mask:0xf bank_mask:0xc",8,32,0,0,"/sgl-workspace/triton-custom/python/triton/language/standard.py:293"
4,14316,"v_mov_b32_dpp v58, v58 row_shr:8 row_mask:0xf bank_mask:0xc",8,32,0,0,"/sgl-workspace/triton-custom/python/triton/language/standard.py:293"
4,14324,"s_nop 0",8,32,32,0,"/sgl-workspace/triton-custom/python/triton/language/standard.py:293"
4,14328,"v_mov_b32_dpp v59, v57 row_shl:8 row_mask:0xf bank_mask:0x3",8,32,0,0,"/sgl-workspace/triton-custom/python/triton/language/standard.py:293"
4,14336,"v_mov_b32_dpp v58, v56 row_shl:8 row_mask:0xf bank_mask:0x3",8,32,0,0,"/sgl-workspace/triton-custom/python/triton/language/standard.py:293"
4,14344,"v_pk_add_f32 v[56:57], v[56:57], v[58:59]",8,32,0,0,"/sgl-workspace/triton-custom/python/triton/language/standard.py:263"
4,14352,"s_nop 0",8,32,32,0,"/sgl-workspace/triton-custom/python/triton/language/standard.py:293"
4,14356,"v_mov_b32_e32 v59, v57",8,32,0,0,"/sgl-workspace/triton-custom/python/triton/language/standard.py:293"
4,14360,"v_mov_b32_e32 v58, v56",8,32,0,0,"/sgl-workspace/triton-custom/python/triton/language/standard.py:293"
4,14364,"s_nop 0",8,32,32,0,"/sgl-workspace/triton-custom/python/triton/language/standard.py:293"
4,14368,"v_mov_b32_dpp v59, v59 row_shr:4 row_mask:0xf bank_mask:0xa",8,32,0,0,"/sgl-workspace/triton-custom/python/triton/language/standard.py:293"
4,14376,"v_mov_b32_dpp v58, v58 row_shr:4 row_mask:0xf bank_mask:0xa",8,32,0,0,"/sgl-workspace/triton-custom/python/triton/language/standard.py:293"
4,14384,"s_nop 0",8,32,32,0,"/sgl-workspace/triton-custom/python/triton/language/standard.py:293"
4,14388,"v_mov_b32_dpp v59, v57 row_shl:4 row_mask:0xf bank_mask:0x5",8,32,0,0,"/sgl-workspace/triton-custom/python/triton/language/standard.py:293"
4,14396,"v_mov_b32_dpp v58, v56 row_shl:4 row_mask:0xf bank_mask:0x5",8,32,0,0,"/sgl-workspace/triton-custom/python/triton/language/standard.py:293"
4,14404,"v_pk_add_f32 v[56:57], v[56:57], v[58:59]",8,32,0,0,"/sgl-workspace/triton-custom/python/triton/language/standard.py:263"
4,14412,"s_nop 0",8,32,32,0,"/sgl-workspace/triton-custom/python/triton/language/standard.py:293"
4,14416,"v_mov_b32_e32 v59, v57",8,32,0,0,"/sgl-workspace/triton-custom/python/triton/language/standard.py:293"
4,14420,"v_mov_b32_e32 v58, v56",8,32,0,0,"/sgl-workspace/triton-custom/python/triton/language/standard.py:293"
4,14424,"s_nop 0",8,32,32,0,"/sgl-workspace/triton-custom/python/triton/language/standard.py:293"
4,14428,"v_mov_b32_dpp v59, v59 quad_perm:[2,3,0,1] row_mask:0xf bank_mask:0xf",8,32,0,0,"/sgl-workspace/triton-custom/python/triton/language/standard.py:293"
4,14436,"v_mov_b32_dpp v58, v58 quad_perm:[2,3,0,1] row_mask:0xf bank_mask:0xf",8,32,0,0,"/sgl-workspace/triton-custom/python/triton/language/standard.py:293"
4,14444,"v_pk_add_f32 v[56:57], v[56:57], v[58:59]",8,32,0,0,"/sgl-workspace/triton-custom/python/triton/language/standard.py:263"
4,14452,"s_nop 0",8,32,32,0,"/sgl-workspace/triton-custom/python/triton/language/standard.py:293"
4,14456,"v_mov_b32_e32 v59, v57",8,32,0,0,"/sgl-workspace/triton-custom/python/triton/language/standard.py:293"
4,14460,"v_mov_b32_e32 v58, v56",8,32,0,0,"/sgl-workspace/triton-custom/python/triton/language/standard.py:293"
4,14464,"s_nop 0",8,32,32,0,"/sgl-workspace/triton-custom/python/triton/language/standard.py:293"
4,14468,"v_mov_b32_dpp v59, v59 quad_perm:[1,0,3,2] row_mask:0xf bank_mask:0xf",8,32,0,0,"/sgl-workspace/triton-custom/python/triton/language/standard.py:293"
4,14476,"v_mov_b32_dpp v58, v58 quad_perm:[1,0,3,2] row_mask:0xf bank_mask:0xf",8,32,0,0,"/sgl-workspace/triton-custom/python/triton/language/standard.py:293"
4,14484,"v_pk_add_f32 v[56:57], v[56:57], v[58:59]",8,32,0,0,"/sgl-workspace/triton-custom/python/triton/language/standard.py:263"
4,14492,"v_lshrrev_b32_e32 v58, 4, v73",8,32,0,0,"/sgl-workspace/sglang/python/sglang/kernels/ops/attention/fla/fused_recurrent.py:535"
4,14496,"v_add_u32_e32 v58, 0, v58",8,32,0,0,"/sgl-workspace/sglang/python/sglang/kernels/ops/attention/fla/fused_recurrent.py:535"
4,14500,"ds_write_b16 v58, v44 offset:12",8,56,0,64,"/sgl-workspace/sglang/python/sglang/kernels/ops/attention/fla/fused_recurrent.py:535"
4,14508,"v_cvt_pk_bf16_f32 v44, v47, s0",8,32,0,8,"/sgl-workspace/sglang/python/sglang/kernels/ops/attention/fla/fused_recurrent.py:535"
4,14516,"ds_write_b16 v58, v44 offset:16",8,56,0,64,"/sgl-workspace/sglang/python/sglang/kernels/ops/attention/fla/fused_recurrent.py:535"
4,14524,"v_cvt_pk_bf16_f32 v44, v46, s0",8,32,0,8,"/sgl-workspace/sglang/python/sglang/kernels/ops/attention/fla/fused_recurrent.py:535"
4,14532,"ds_write_b16 v58, v44 offset:20",8,56,0,64,"/sgl-workspace/sglang/python/sglang/kernels/ops/attention/fla/fused_recurrent.py:535"
4,14540,"v_cvt_pk_bf16_f32 v44, v89, s0",8,32,0,8,"/sgl-workspace/sglang/python/sglang/kernels/ops/attention/fla/fused_recurrent.py:535"
4,14548,"ds_write_b16 v58, v44 offset:24",8,56,0,64,"/sgl-workspace/sglang/python/sglang/kernels/ops/attention/fla/fused_recurrent.py:535"
4,14556,"v_cvt_pk_bf16_f32 v44, v88, s0",8,32,0,8,"/sgl-workspace/sglang/python/sglang/kernels/ops/attention/fla/fused_recurrent.py:535"
4,14564,"ds_write_b16 v58, v44 offset:28",8,56,0,64,"/sgl-workspace/sglang/python/sglang/kernels/ops/attention/fla/fused_recurrent.py:535"
4,14572,"v_cvt_pk_bf16_f32 v44, v97, s0",8,32,0,8,"/sgl-workspace/sglang/python/sglang/kernels/ops/attention/fla/fused_recurrent.py:535"
4,14580,"ds_write_b16 v58, v44 offset:32",8,56,0,64,"/sgl-workspace/sglang/python/sglang/kernels/ops/attention/fla/fused_recurrent.py:535"
4,14588,"v_cvt_pk_bf16_f32 v44, v96, s0",8,32,0,8,"/sgl-workspace/sglang/python/sglang/kernels/ops/attention/fla/fused_recurrent.py:535"
4,14596,"ds_write_b16 v58, v44 offset:36",8,56,0,64,"/sgl-workspace/sglang/python/sglang/kernels/ops/attention/fla/fused_recurrent.py:535"
4,14604,"v_cvt_pk_bf16_f32 v44, v55, s0",8,32,0,8,"/sgl-workspace/sglang/python/sglang/kernels/ops/attention/fla/fused_recurrent.py:535"
4,14612,"ds_write_b16 v58, v44 offset:40",8,56,0,64,"/sgl-workspace/sglang/python/sglang/kernels/ops/attention/fla/fused_recurrent.py:535"
4,14620,"v_cvt_pk_bf16_f32 v44, v54, s0",8,32,0,8,"/sgl-workspace/sglang/python/sglang/kernels/ops/attention/fla/fused_recurrent.py:535"
4,14628,"ds_write_b16 v58, v44 offset:44",8,56,0,64,"/sgl-workspace/sglang/python/sglang/kernels/ops/attention/fla/fused_recurrent.py:535"
4,14636,"v_cvt_pk_bf16_f32 v44, v51, s0",8,32,0,8,"/sgl-workspace/sglang/python/sglang/kernels/ops/attention/fla/fused_recurrent.py:535"
4,14644,"ds_write_b16 v58, v44 offset:48",8,56,0,64,"/sgl-workspace/sglang/python/sglang/kernels/ops/attention/fla/fused_recurrent.py:535"
4,14652,"v_cvt_pk_bf16_f32 v44, v50, s0",8,32,0,8,"/sgl-workspace/sglang/python/sglang/kernels/ops/attention/fla/fused_recurrent.py:535"
4,14660,"ds_write_b16 v58, v44 offset:52",8,56,0,64,"/sgl-workspace/sglang/python/sglang/kernels/ops/attention/fla/fused_recurrent.py:535"
4,14668,"v_cvt_pk_bf16_f32 v44, v57, s0",8,32,0,8,"/sgl-workspace/sglang/python/sglang/kernels/ops/attention/fla/fused_recurrent.py:535"
4,14676,"v_cvt_pk_bf16_f32 v59, v85, s0",8,32,0,0,"/sgl-workspace/sglang/python/sglang/kernels/ops/attention/fla/fused_recurrent.py:535"
4,14684,"ds_write_b16 v58, v44 offset:56",8,56,0,64,"/sgl-workspace/sglang/python/sglang/kernels/ops/attention/fla/fused_recurrent.py:535"
4,14692,"v_cvt_pk_bf16_f32 v44, v56, s0",8,32,0,8,"/sgl-workspace/sglang/python/sglang/kernels/ops/attention/fla/fused_recurrent.py:535"
4,14700,"ds_write_b16 v58, v59",8,56,0,64,"/sgl-workspace/sglang/python/sglang/kernels/ops/attention/fla/fused_recurrent.py:535"
4,14708,"v_cvt_pk_bf16_f32 v59, v84, s0",8,32,0,8,"/sgl-workspace/sglang/python/sglang/kernels/ops/attention/fla/fused_recurrent.py:535"
4,14716,"ds_write_b16 v58, v44 offset:60",8,56,0,64,"/sgl-workspace/sglang/python/sglang/kernels/ops/attention/fla/fused_recurrent.py:535"
4,14724,"v_add_u32_e32 v44, 0, v117",8,32,0,8,"/sgl-workspace/sglang/python/sglang/kernels/ops/attention/fla/fused_recurrent.py:535"
4,14728,"ds_write_b16 v58, v59 offset:4",8,56,0,64,"/sgl-workspace/sglang/python/sglang/kernels/ops/attention/fla/fused_recurrent.py:535"
4,14736,"ds_write_b16 v58, v45 offset:8",8,56,0,8,"/sgl-workspace/sglang/python/sglang/kernels/ops/attention/fla/fused_recurrent.py:535"
4,14744,"ds_read_u16 v45, v44",8,32,0,8,"/sgl-workspace/sglang/python/sglang/kernels/ops/attention/fla/fused_recurrent.py:535"
4,14752,"v_lshlrev_b32_e32 v44, 1, v71",8,32,0,0,"/sgl-workspace/sglang/python/sglang/kernels/ops/attention/fla/fused_recurrent.py:535"
4,14756,"v_cndmask_b32_e32 v44, v106, v44, vcc",8,32,0,0,"/sgl-workspace/sglang/python/sglang/kernels/ops/attention/fla/fused_recurrent.py:535"
4,14760,"v_mov_b32_e32 v46, v7",8,32,0,0,"/sgl-workspace/sglang/python/sglang/kernels/ops/attention/fla/fused_recurrent.py:539"
4,14764,"v_mov_b32_e32 v47, v67",8,32,0,0,"/sgl-workspace/sglang/python/sglang/kernels/ops/attention/fla/fused_recurrent.py:539"
4,14768,"s_waitcnt lgkmcnt(0)",8,256,256,0,"/sgl-workspace/sglang/python/sglang/kernels/ops/attention/fla/fused_recurrent.py:535"
4,14772,"buffer_store_short v45, v44, s[24:27], 0 offen",8,96,64,0,"/sgl-workspace/sglang/python/sglang/kernels/ops/attention/fla/fused_recurrent.py:535"
4,14780,"v_mov_b32_e32 v44, v69",8,32,0,0,"/sgl-workspace/sglang/python/sglang/kernels/ops/attention/fla/fused_recurrent.py:539"
4,14784,"v_mov_b32_e32 v45, v5",8,32,0,0,"/sgl-workspace/sglang/python/sglang/kernels/ops/attention/fla/fused_recurrent.py:539"
4,14788,"v_mov_b32_e32 v5, v68",8,32,0,0,"/sgl-workspace/sglang/python/sglang/kernels/ops/attention/fla/fused_recurrent.py:539"
4,14792,"v_mov_b32_e32 v7, v66",8,32,0,0,"/sgl-workspace/sglang/python/sglang/kernels/ops/attention/fla/fused_recurrent.py:539"
4,14796,"buffer_store_dwordx4 v[44:47], v105, s[20:23], 0 offen",8,40,0,64,"/sgl-workspace/sglang/python/sglang/kernels/ops/attention/fla/fused_recurrent.py:539"
4,14804,"buffer_store_dwordx4 v[4:7], v104, s[20:23], 0 offen",8,128,88,0,"/sgl-workspace/sglang/python/sglang/kernels/ops/attention/fla/fused_recurrent.py:539"
4,14812,"s_nop 1",8,56,56,0,"/sgl-workspace/sglang/python/sglang/kernels/ops/attention/fla/fused_recurrent.py:539"
4,14816,"v_mov_b32_e32 v4, v81",8,32,0,0,"/sgl-workspace/sglang/python/sglang/kernels/ops/attention/fla/fused_recurrent.py:539"
4,14820,"v_mov_b32_e32 v5, v9",8,32,0,0,"/sgl-workspace/sglang/python/sglang/kernels/ops/attention/fla/fused_recurrent.py:539"
4,14824,"v_mov_b32_e32 v6, v11",8,32,0,0,"/sgl-workspace/sglang/python/sglang/kernels/ops/attention/fla/fused_recurrent.py:539"
4,14828,"v_mov_b32_e32 v7, v79",8,32,0,0,"/sgl-workspace/sglang/python/sglang/kernels/ops/attention/fla/fused_recurrent.py:539"
4,14832,"buffer_store_dwordx4 v[4:7], v95, s[20:23], 0 offen",8,32,0,64,"/sgl-workspace/sglang/python/sglang/kernels/ops/attention/fla/fused_recurrent.py:539"
4,14840,"v_mov_b32_e32 v9, v80",8,32,0,0,"/sgl-workspace/sglang/python/sglang/kernels/ops/attention/fla/fused_recurrent.py:539"
4,14844,"v_mov_b32_e32 v11, v78",8,32,0,0,"/sgl-workspace/sglang/python/sglang/kernels/ops/attention/fla/fused_recurrent.py:539"
4,14848,"v_mov_b32_e32 v4, v41",8,32,0,0,"/sgl-workspace/sglang/python/sglang/kernels/ops/attention/fla/fused_recurrent.py:539"
4,14852,"v_mov_b32_e32 v5, v21",8,32,0,0,"/sgl-workspace/sglang/python/sglang/kernels/ops/attention/fla/fused_recurrent.py:539"
4,14856,"v_mov_b32_e32 v6, v23",8,32,0,0,"/sgl-workspace/sglang/python/sglang/kernels/ops/attention/fla/fused_recurrent.py:539"
4,14860,"v_mov_b32_e32 v7, v43",8,32,0,0,"/sgl-workspace/sglang/python/sglang/kernels/ops/attention/fla/fused_recurrent.py:539"
4,14864,"buffer_store_dwordx4 v[8:11], v93, s[20:23], 0 offen",8,40,0,64,"/sgl-workspace/sglang/python/sglang/kernels/ops/attention/fla/fused_recurrent.py:539"
4,14872,"buffer_store_dwordx4 v[4:7], v87, s[20:23], 0 offen",8,120,88,0,"/sgl-workspace/sglang/python/sglang/kernels/ops/attention/fla/fused_recurrent.py:539"
4,14880,"v_mov_b32_e32 v21, v40",8,32,0,0,"/sgl-workspace/sglang/python/sglang/kernels/ops/attention/fla/fused_recurrent.py:539"
4,14884,"v_mov_b32_e32 v23, v42",8,32,0,0,"/sgl-workspace/sglang/python/sglang/kernels/ops/attention/fla/fused_recurrent.py:539"
4,14888,"v_mov_b32_e32 v4, v37",8,32,0,0,"/sgl-workspace/sglang/python/sglang/kernels/ops/attention/fla/fused_recurrent.py:539"
4,14892,"v_mov_b32_e32 v5, v33",8,32,0,0,"/sgl-workspace/sglang/python/sglang/kernels/ops/attention/fla/fused_recurrent.py:539"
4,14896,"v_mov_b32_e32 v6, v35",8,32,0,0,"/sgl-workspace/sglang/python/sglang/kernels/ops/attention/fla/fused_recurrent.py:539"
4,14900,"v_mov_b32_e32 v7, v39",8,32,0,0,"/sgl-workspace/sglang/python/sglang/kernels/ops/attention/fla/fused_recurrent.py:539"
4,14904,"buffer_store_dwordx4 v[20:23], v75, s[20:23], 0 offen",8,40,0,64,"/sgl-workspace/sglang/python/sglang/kernels/ops/attention/fla/fused_recurrent.py:539"
4,14912,"buffer_store_dwordx4 v[4:7], v109, s[20:23], 0 offen",8,120,88,0,"/sgl-workspace/sglang/python/sglang/kernels/ops/attention/fla/fused_recurrent.py:539"
4,14920,"v_mov_b32_e32 v33, v36",8,32,0,0,"/sgl-workspace/sglang/python/sglang/kernels/ops/attention/fla/fused_recurrent.py:539"
4,14924,"v_mov_b32_e32 v35, v38",8,32,0,0,"/sgl-workspace/sglang/python/sglang/kernels/ops/attention/fla/fused_recurrent.py:539"
4,14928,"v_mov_b32_e32 v4, v29",8,32,0,0,"/sgl-workspace/sglang/python/sglang/kernels/ops/attention/fla/fused_recurrent.py:539"
4,14932,"v_mov_b32_e32 v5, v25",8,32,0,0,"/sgl-workspace/sglang/python/sglang/kernels/ops/attention/fla/fused_recurrent.py:539"
4,14936,"v_mov_b32_e32 v6, v27",8,32,0,0,"/sgl-workspace/sglang/python/sglang/kernels/ops/attention/fla/fused_recurrent.py:539"
4,14940,"v_mov_b32_e32 v7, v31",8,32,0,0,"/sgl-workspace/sglang/python/sglang/kernels/ops/attention/fla/fused_recurrent.py:539"
4,14944,"buffer_store_dwordx4 v[32:35], v116, s[20:23], 0 offen",8,40,0,64,"/sgl-workspace/sglang/python/sglang/kernels/ops/attention/fla/fused_recurrent.py:539"
4,14952,"buffer_store_dwordx4 v[4:7], v115, s[20:23], 0 offen",8,120,88,0,"/sgl-workspace/sglang/python/sglang/kernels/ops/attention/fla/fused_recurrent.py:539"
4,14960,"v_mov_b32_e32 v25, v28",8,32,0,0,"/sgl-workspace/sglang/python/sglang/kernels/ops/attention/fla/fused_recurrent.py:539"
4,14964,"v_mov_b32_e32 v27, v30",8,32,0,0,"/sgl-workspace/sglang/python/sglang/kernels/ops/attention/fla/fused_recurrent.py:539"
4,14968,"v_mov_b32_e32 v4, v83",8,32,0,0,"/sgl-workspace/sglang/python/sglang/kernels/ops/attention/fla/fused_recurrent.py:539"
4,14972,"v_mov_b32_e32 v5, v13",8,32,0,0,"/sgl-workspace/sglang/python/sglang/kernels/ops/attention/fla/fused_recurrent.py:539"
4,14976,"v_mov_b32_e32 v6, v15",8,32,0,0,"/sgl-workspace/sglang/python/sglang/kernels/ops/attention/fla/fused_recurrent.py:539"
4,14980,"v_mov_b32_e32 v7, v91",8,32,0,0,"/sgl-workspace/sglang/python/sglang/kernels/ops/attention/fla/fused_recurrent.py:539"
4,14984,"buffer_store_dwordx4 v[24:27], v114, s[20:23], 0 offen",8,40,0,64,"/sgl-workspace/sglang/python/sglang/kernels/ops/attention/fla/fused_recurrent.py:539"
4,14992,"buffer_store_dwordx4 v[4:7], v113, s[20:23], 0 offen",8,120,88,0,"/sgl-workspace/sglang/python/sglang/kernels/ops/attention/fla/fused_recurrent.py:539"
4,15000,"v_mov_b32_e32 v13, v82",8,32,0,0,"/sgl-workspace/sglang/python/sglang/kernels/ops/attention/fla/fused_recurrent.py:539"
4,15004,"v_mov_b32_e32 v15, v90",8,32,0,0,"/sgl-workspace/sglang/python/sglang/kernels/ops/attention/fla/fused_recurrent.py:539"
4,15008,"v_mov_b32_e32 v4, v53",8,32,0,0,"/sgl-workspace/sglang/python/sglang/kernels/ops/attention/fla/fused_recurrent.py:539"
4,15012,"v_mov_b32_e32 v5, v17",8,32,0,0,"/sgl-workspace/sglang/python/sglang/kernels/ops/attention/fla/fused_recurrent.py:539"
4,15016,"v_mov_b32_e32 v6, v19",8,32,0,0,"/sgl-workspace/sglang/python/sglang/kernels/ops/attention/fla/fused_recurrent.py:539"
4,15020,"v_mov_b32_e32 v7, v49",8,32,0,0,"/sgl-workspace/sglang/python/sglang/kernels/ops/attention/fla/fused_recurrent.py:539"
4,15024,"buffer_store_dwordx4 v[12:15], v112, s[20:23], 0 offen",8,40,0,64,"/sgl-workspace/sglang/python/sglang/kernels/ops/attention/fla/fused_recurrent.py:539"
4,15032,"buffer_store_dwordx4 v[4:7], v111, s[20:23], 0 offen",8,120,88,0,"/sgl-workspace/sglang/python/sglang/kernels/ops/attention/fla/fused_recurrent.py:539"
4,15040,"v_mov_b32_e32 v17, v52",8,32,0,0,"/sgl-workspace/sglang/python/sglang/kernels/ops/attention/fla/fused_recurrent.py:539"
4,15044,"v_mov_b32_e32 v19, v48",8,32,0,0,"/sgl-workspace/sglang/python/sglang/kernels/ops/attention/fla/fused_recurrent.py:539"
4,15048,"v_mov_b32_e32 v4, v61",8,32,0,0,"/sgl-workspace/sglang/python/sglang/kernels/ops/attention/fla/fused_recurrent.py:539"
4,15052,"v_mov_b32_e32 v5, v1",8,32,0,0,"/sgl-workspace/sglang/python/sglang/kernels/ops/attention/fla/fused_recurrent.py:539"
4,15056,"v_mov_b32_e32 v6, v3",8,32,0,0,"/sgl-workspace/sglang/python/sglang/kernels/ops/attention/fla/fused_recurrent.py:539"
4,15060,"v_mov_b32_e32 v7, v63",8,32,0,0,"/sgl-workspace/sglang/python/sglang/kernels/ops/attention/fla/fused_recurrent.py:539"
4,15064,"v_mov_b32_e32 v1, v60",8,32,0,0,"/sgl-workspace/sglang/python/sglang/kernels/ops/attention/fla/fused_recurrent.py:539"
4,15068,"v_mov_b32_e32 v3, v62",8,32,0,0,"/sgl-workspace/sglang/python/sglang/kernels/ops/attention/fla/fused_recurrent.py:539"
4,15072,"buffer_store_dwordx4 v[16:19], v110, s[20:23], 0 offen",8,40,0,64,"/sgl-workspace/sglang/python/sglang/kernels/ops/attention/fla/fused_recurrent.py:539"
4,15080,"buffer_store_dwordx4 v[4:7], v107, s[20:23], 0 offen",8,128,88,0,"/sgl-workspace/sglang/python/sglang/kernels/ops/attention/fla/fused_recurrent.py:539"
4,15088,"buffer_store_dwordx4 v[0:3], v108, s[20:23], 0 offen",8,120,88,0,"/sgl-workspace/sglang/python/sglang/kernels/ops/attention/fla/fused_recurrent.py:539"
4,15096,"s_cbranch_execnz 63462",8,32,0,0,"/sgl-workspace/sglang/python/sglang/kernels/ops/attention/fla/fused_recurrent.py:539"
4,15100,"s_nop 0",0,0,0,0,"/sgl-workspace/sglang/python/sglang/kernels/ops/attention/fla/fused_recurrent.py:486"
4,15104,"v_lshlrev_b32_e32 v0, 1, v71",0,0,0,0,"/sgl-workspace/sglang/python/sglang/kernels/ops/attention/fla/fused_recurrent.py:486"
4,15108,"v_bfrev_b32_e32 v1, 1",0,0,0,0,"/sgl-workspace/sglang/python/sglang/kernels/ops/attention/fla/fused_recurrent.py:486"
4,15112,"s_and_b64 vcc, s[18:19], s[2:3]",0,0,0,0,"/sgl-workspace/sglang/python/sglang/kernels/ops/attention/fla/fused_recurrent.py:486"
4,15116,"s_and_b32 s13, s13, 0xffff",0,0,0,0,"/sgl-workspace/sglang/python/sglang/kernels/ops/attention/fla/fused_recurrent.py:486"
4,15124,"s_mov_b32 s15, 0x27000",0,0,0,0,"/sgl-workspace/sglang/python/sglang/kernels/ops/attention/fla/fused_recurrent.py:486"
4,15132,"s_mov_b32 s14, 0x7ffffffe",0,0,0,0,"/sgl-workspace/sglang/python/sglang/kernels/ops/attention/fla/fused_recurrent.py:486"
4,15140,"v_cndmask_b32_e32 v0, v1, v0, vcc",0,0,0,0,"/sgl-workspace/sglang/python/sglang/kernels/ops/attention/fla/fused_recurrent.py:486"
4,15144,"v_mov_b32_e32 v1, 0",0,0,0,0,"/sgl-workspace/sglang/python/sglang/kernels/ops/attention/fla/fused_recurrent.py:486"
4,15148,"buffer_store_short v1, v0, s[12:15], 0 offen",0,0,0,0,"/sgl-workspace/sglang/python/sglang/kernels/ops/attention/fla/fused_recurrent.py:486"
4,15156,"s_endpgm",0,0,0,0,"/sgl-workspace/sglang/python/sglang/kernels/ops/attention/fla/fused_recurrent.py:486"
